case_id,operator,matched_how,scope,line_of_business,legal_name,trade_nm,naic_cd,naics_code_description,cty_nm,st_cd,zip_cd,findings_start_date,findings_end_date,bw_atp_amt,ee_atp_cnt,cmp_assd,case_violtn_cnt,flsa_repeat_violator
1359737,Aramark,trade_name,excluded_other_line,adjacent,Aramark Corporation,Aramark Uniform and Career Apparel,81233,Linen and Uniform Supply,Rochester,NY,14605,2004-10-12,2004-10-12,0.0,0,0.0,0,N/A
1392465,Aramark,trade_name,excluded_other_line,adjacent,"Aramark Uniform Services, Inc.","Aramark Uniform Services, Inc.",81233,Linen and Uniform Supply,Eugene,OR,97401,2003-01-11,2005-01-10,0.0,0,0.0,0,N/A
1398668,Aramark,trade_name,excluded_other_line,adjacent,Aramark Uniform Services,Aramark Uniform Services,812332,Industrial Launderers,Reading,PA,19612,2003-04-01,2005-04-01,0.0,0,0.0,0,N/A
1409549,Aramark,trade_name,excluded_other_line,adjacent,"Aramark Facility Services, Inc",Aramark,561720,Janitorial Services,Saint Louis,MO,63139,2005-03-22,2005-07-26,0.0,0,0.0,0,N/A
1416460,Aramark,trade_name,excluded_other_line,adjacent,Aramark Uniform Services Inc,Aramark,81233,Linen and Uniform Supply,Granite City,IL,62040,2004-08-30,2005-09-01,0.0,0,0.0,0,N/A
1448840,Aramark,trade_name,excluded_other_line,adjacent,Aramark Uniform Services,Aramark Uniform Service,812332,Industrial Launderers,Greensboro,NC,27406,2005-02-19,2007-02-17,0.0,0,0.0,0,N/A
1451332,Aramark,trade_name,excluded_other_line,adjacent,Aramark Uniform & Career Apparel,Aramark,81233,Linen and Uniform Supply,Springfield,IL,62703,2006-05-01,2006-06-12,0.0,0,0.0,0,N/A
1499359,Aramark,trade_name,excluded_other_line,adjacent,"ARAMARK Services, Inc.",Aramark Offshore Services,812332,Industrial Launderers,Houston,TX,77090,2007-10-18,2007-10-31,625.8,1,0.0,2,N/A
1518697,Aramark,trade_name,excluded_other_line,other_line_of_business,Doyon/ARAMARK Joint Venture,Aramark,561599,All Other Travel Arrangement and Reservation Services,Fairbanks,AK,99701,2007-01-01,2008-10-03,89985.06,199,0.0,368,N/A
1529769,Aramark,trade_name,excluded_other_line,other_line_of_business,"Aramark Schools, LLC",Aramark,31199,All Other Food Manufacturing,Lake Havasu City,AZ,86403,2008-10-20,2009-02-09,4942.08,1,0.0,1,N/A
1549150,Aramark,trade_name,excluded_other_line,other_line_of_business,Aramark Schools Facilities LLC,Aramark Education,541611,Administrative Management and General Management Consulting Services,Philadelphia,PA,19106,2007-03-18,2009-03-17,5160.92,1,0.0,1,N/A
1574861,Aramark,trade_name,excluded_other_line,adjacent,"Ararmark Uniform & Career Apparel, Inc.",Aramark,812331,Linen Supply,Lawrence,MA,1843,2009-03-19,2011-03-18,0.0,0,0.0,0,N/A
1590485,Aramark,trade_name,excluded_other_line,adjacent,Aramark Mangement Services LP,Aramark Facility Services,561210,Facilities Support Services,Linthicum Heights,MD,21090,2008-10-27,2010-10-18,0.0,0,0.0,0,N/A
1593237,Aramark,trade_name,excluded_other_line,other_line_of_business,ARAMARK Management Services Limited Partnersh,Aramark,56111,Office Administrative Services,Philadelphia,PA,19107,2010-05-21,2010-06-12,554.63,2,0.0,3,N/A
1598059,Aramark,trade_name,excluded_other_line,adjacent,Aramark Corporation,Aramark Corporation,454390,Other Direct Selling Establishments,Syosset,NY,11791,2009-01-27,2011-01-28,934.73,1,0.0,1,N/A
1631845,Aramark,distinctive,excluded_other_line,other_line_of_business,Doyon-Aramark Joint Venture,Doyon-Aramark Joint Venture,55111,Management of Companies and Enterprises,Anchorage,AK,99503,2010-05-01,2013-10-01,19726.74,2,0.0,6,N/A
1637764,Aramark,trade_name,excluded_other_line,adjacent,"Armark Management Services, LP",Aramark Corporation,56172,Janitorial Services,Houston,TX,77002,2010-03-06,2012-03-03,0.0,0,0.0,0,N/A
1648381,Aramark,trade_name,excluded_other_line,other_line_of_business,Aramark Corporation,Aramark,55111,Management of Companies and Enterprises,Fairfield,IA,52556,2010-04-03,2012-03-31,4379.99,12,2640.0,14,R
1656649,Aramark,trade_name,excluded_other_line,adjacent,"Aramark Uniform & Career Apparel, LLC",Aramark Uniform Services,81233,Linen and Uniform Supply,Des Moines,IA,50316,2010-06-04,2012-06-01,17916.35,12,0.0,13,N/A
1678200,Aramark,trade_name,excluded_other_line,adjacent,Aramark,Aramark,561210,Facilities Support Services,Madison,NJ,7940,2012-01-01,2012-12-31,0.0,0,0.0,0,N/A
1715352,Aramark,trade_name,excluded_other_line,adjacent,"Aramark Uniform & Career Apparel, LLC.",Aramark Uniform,812331,Linen Supply,Las Vegas,NV,89139,2013-12-17,2014-03-19,0.0,0,0.0,0,N/A
1740321,Aramark,trade_name,excluded_other_line,adjacent,"Aramark Facilities Services, Inc.",Aramark Facilities Management,561720,Janitorial Services,Dallas,TX,75224,2013-06-05,2014-10-10,4355.1,14,0.0,15,N/A
1744391,Aramark,trade_name,excluded_other_line,adjacent,Aramark,Aramark,81233,Linen and Uniform Supply,Chattanooga,TN,37403,2014-04-01,2015-02-28,148.5,1,0.0,2,R
1749470,Aramark,trade_name,excluded_other_line,adjacent,"Aramark Uniform & Career Apparel, LLC","Aramark Cleanroom Services, LLC",812332,Industrial Launderers,Willowbrook,IL,60527,2013-01-01,2015-01-01,0.0,0,0.0,1,N/A
1759868,Aramark,trade_name,excluded_other_line,other_line_of_business,"Aramark, Inc",Aramark,561311,Employment Placement Agencies,Houston,TX,77030,2015-03-01,2015-03-28,0.0,0,0.0,0,N/A
1771903,Aramark,trade_name,excluded_other_line,adjacent,Aramark Corporation,Aramark,561720,Janitorial Services,Orange,CA,92866,2013-11-02,2015-11-01,0.0,0,0.0,0,N/A
1788783,Aramark,trade_name,excluded_other_line,adjacent,"Aramark Facility Services, LLC",Aramark,561210,Facilities Support Services,Evanston,IL,60208,2015-09-01,2016-04-08,0.0,0,0.0,0,N/A
1791595,Aramark,trade_name,excluded_other_line,adjacent,"Aramark Facility Services, LLC",Aramark,56172,Janitorial Services,Pittsburgh,PA,15232,2015-01-01,2016-05-14,0.0,0,0.0,2,N/A
1797733,Aramark,trade_name,excluded_other_line,adjacent,Aramark Services Incorporated,Aramark,81233,Linen and Uniform Supply,Philadelphia,PA,19107,2014-08-21,2016-08-20,0.0,0,0.0,1,N/A
1867195,Aramark,trade_name,excluded_other_line,adjacent,"Aramark Facility Services, LLC",Aramark,561210,Facilities Support Services,Providence,RI,2909,2018-09-08,2018-09-29,0.0,0,0.0,0,N/A
1880416,Aramark,trade_name,excluded_other_line,adjacent,"Aramark Facilities Services, LLC",Aramark,561210,Facilities Support Services,Providence,RI,2903,2017-04-14,2019-04-13,0.0,0,0.0,0,N/A
1882604,Aramark,trade_name,excluded_other_line,other_line_of_business,"Aramark Uniform & Career Apparel, LLC",Aramark Uniform Services,484220,"Specialized Freight (except Used Goods) Trucking, Local",Springdale,AR,72764,2017-06-27,2019-06-26,0.0,0,0.0,1,N/A
1884417,Aramark,trade_name,excluded_other_line,adjacent,Aramark Facilities Management,Aramark,561720,Janitorial Services,Grapevine,TX,76051,2018-04-01,2019-07-18,1053.0,1,0.0,2,N/A
1898118,Aramark,trade_name,excluded_other_line,adjacent,"Aramark Sports & Entertainment Svcs, LLC","Aramark Sports & Entertainment Svcs, LLC",561210,Facilities Support Services,Philadelphia,PA,19107,2018-02-01,2020-01-29,0.0,0,0.0,0,N/A
1901887,Aramark,trade_name,excluded_other_line,adjacent,Aramak Uniform And Apparel LLC,Aramark Uniform Services,81232,Drycleaning and Laundry Services (except Coin-Operated),Union,NJ,7083,2018-08-29,2020-08-28,28561.86,1,0.0,4,N/A
1902822,Aramark,trade_name,excluded_other_line,adjacent,"Aramark Services, Inc.",Aramark,561720,Janitorial Services,Dallas,TX,75246,2020-01-16,2020-01-16,0.0,0,0.0,0,N/A
1906282,Aramark,trade_name,excluded_other_line,other_line_of_business,"Aramark Uniform and Career Apparrel, Inc",Aramark Uniform Services,488490,Other Support Activities for Road Transportation,Chicago,IL,60609,2018-03-10,2020-03-09,0.0,0,0.0,0,N/A
1907563,Aramark,trade_name,excluded_other_line,other_line_of_business,"Aramark Services, Inc.",Aramark,561990,All Other Support Services,Mansfield,OH,44901,2019-01-02,2020-03-22,572.16,1,0.0,3,N/A
1969604,Aramark,distinctive,excluded_other_line,other_line_of_business,Doyon/ARAMARK Joint Venture,Doyon/ARAMARK Joint Venture,712190,Nature Parks and Other Similar Institutions,ANCHORAGE,AK,99503,2020-01-02,2023-01-25,378962.23,166,0.0,334,N/A
1457008,Centerplate,trade_name,excluded_other_line,adjacent,Volume Services Inc,Centerplate,561210,Facilities Support Services,Tacoma,WA,98421,2005-11-30,2006-11-29,0.0,0,0.0,1,N/A
1721300,Centerplate,trade_name,excluded_other_line,adjacent,Volume Services Inc.,Centerplate,454390,Other Direct Selling Establishments,Fort Lee,VA,23801,2012-05-10,2014-05-07,31527.16,8,0.0,8,N/A
1379352,Compass,trade_name,excluded_other_line,adjacent,"Canteen Vending Services, Division of Compass",Canteen Vending,454210,Vending Machine Operators,Phoenix,AZ,85034,2002-11-16,2004-11-13,0.0,0,0.0,0,N/A
1508865,Compass,trade_name,excluded_other_line,adjacent,Compass Group NDA,Canteen Vending,454210,Vending Machine Operators,Tulsa,OK,74116,2006-05-02,2008-05-01,2316.95,2,308.0,2,R
1512744,Compass,name_leading,excluded_other_line,other_line_of_business,Compass Group,University Place and Conference Center,721110,Hotels (except Casino Hotels) and Motels,Indianapolis,IN,46202,2006-07-26,2008-07-25,593.78,14,0.0,15,N/A
1573172,Compass,trade_name,excluded_other_line,adjacent,Kimco Corporation,Eurest Services,561210,Facilities Support Services,Harwood Heights,IL,60706,2008-08-01,2010-07-31,0.0,0,0.0,1,N/A
1582288,Compass,trade_name,excluded_other_line,adjacent,Kimco Corporation,Eurest Services,56172,Janitorial Services,Seattle,WA,98125,2008-08-21,2010-08-20,767.0,2,0.0,3,N/A
1592593,Compass,trade_name,excluded_other_line,adjacent,Compass Group North America,Eurest Services,561720,Janitorial Services,Rochester,NY,14610,2010-03-15,2010-09-13,196.51,2,0.0,2,N/A
1595048,Compass,trade_name,excluded_other_line,adjacent,"Compass Group USA, Inc.",Eurest Services,561720,Janitorial Services,Harwood Heights,IL,60706,2009-11-14,2010-12-09,1773.25,1,0.0,1,N/A
1604278,Compass,trade_name,excluded_other_line,adjacent,Eurest Services,Eurest Services,561720,Janitorial Services,Harwood Heights,IL,60706,2010-12-14,2011-01-20,217.5,1,0.0,1,N/A
1634783,Compass,trade_name,excluded_other_line,adjacent,Compass Group,Eurest Services,561720,Janitorial Services,Duncan,OK,73533,2011-10-01,2011-10-01,0.0,0,0.0,1,N/A
1646732,Compass,trade_name,excluded_other_line,other_line_of_business,Morrison Management Specialists Inc,Morrison Management Specialists Inc,561110,Office Administrative Services,El Paso,TX,79902,2010-03-16,2012-03-15,3542.36,21,0.0,22,N/A
1647928,Compass,trade_name,excluded_other_line,other_line_of_business,Kimco Corporation,Eurest Services,561790,Other Services to Buildings and Dwellings,Harwood Heights,IL,60706,2010-07-01,2010-11-30,271.15,1,0.0,1,N/A
1652631,Compass,trade_name,excluded_other_line,other_line_of_business,"Compass Group USA, Inc",Compass Group (Thunderbird),721110,Hotels (except Casino Hotels) and Motels,Glendale,AZ,85306,2010-04-11,2012-04-10,0.0,0,0.0,0,N/A
1684188,Compass,trade_name,excluded_other_line,other_line_of_business,"Morrison Management Specialist, Inc.",Morrison Senior Living,623110,Nursing Care Facilities,Cape Girardeau,MO,63701,2011-03-19,2013-03-18,0.0,0,0.0,0,N/A
1685455,Compass,trade_name,excluded_other_line,adjacent,Compass Group d/b/a Crothall Services Group,Eurest Services,561720,Janitorial Services,Bloomington,IL,61704,2011-03-08,2013-03-07,0.0,0,0.0,0,N/A
1691994,Compass,trade_name,excluded_other_line,adjacent,"Crothall Healthcare, Inc.","Compass Group USA, Inc.",561210,Facilities Support Services,Wayne,PA,19087,2011-07-17,2013-07-13,264.24,1,0.0,15002,N/A
1716922,Compass,name_leading,excluded_other_line,other_line_of_business,"Compass Group USA, Inc.","Crothall Healthcare, Inc.",623210,Residential Mental Retardation Facilities,Chico,CA,95926,2012-04-01,2014-03-31,7514.0,90,19800.0,90,R
1720002,Compass,trade_name,excluded_other_line,other_line_of_business,"Compas Group USA, Inc.","Morrison Management Specialists, Inc.",5511,Management of Companies and Enterprises,Atlanta,GA,30342,2012-01-31,2014-02-06,349.04,7,1540.0,7,R
1734588,Compass,name_leading,excluded_other_line,adjacent,Compass Group PLC,SSC Service Solutions,561720,Janitorial Services,Pasadena,TX,77505,2012-10-19,2014-10-18,0.0,0,0.0,1,N/A
1741083,Compass,trade_name,excluded_other_line,adjacent,"Compass Group USA, Inc.",Chartwells,454390,Other Direct Selling Establishments,College Station,TX,77843,2012-10-17,2014-10-16,336.79,5,0.0,6,R
1758152,Compass,trade_name,excluded_other_line,adjacent,Morrison Management Specialist,Morrison Healthcare,454390,Other Direct Selling Establishments,Gainesville,FL,32610,2013-07-22,2015-07-20,0.0,0,0.0,1,N/A
1767206,Compass,name_leading,excluded_other_line,adjacent,"Canteen Service Company of Kentuckiana, Inc.",Canteen,45421,Vending Machine Operators,Louisville,KY,40212,2013-12-09,2015-12-08,0.0,0,0.0,0,N/A
1782430,Compass,name_leading,excluded_other_line,other_line_of_business,"Compass Group USA, Inc.",Crothall Healthcare,62431,Vocational Rehabilitation Services,Pittsburgh,PA,15217,2014-03-07,2016-02-26,0.0,0,0.0,0,N/A
1784498,Compass,trade_name,excluded_other_line,adjacent,"Compass Group USA, Inc.",Canteen Vending,454210,Vending Machine Operators,Colorado Springs,CO,80907,2014-03-31,2016-03-30,4585.25,1,0.0,4,N/A
1794860,Compass,trade_name,excluded_other_line,adjacent,"Compass Group USA, Inc.",Canteen Vending,454210,Vending Machine Operators,Colorado Springs,CO,80907,2014-06-08,2016-06-07,0.0,0,0.0,1,N/A
1801407,Compass,trade_name,excluded_other_line,other_line_of_business,"Compass Group USA, Inc",Compass Group USA,813319,Other Social Advocacy Organizations,Yuma,AZ,85364,2016-08-05,2016-09-09,173.14,1,0.0,1,N/A
1803582,Compass,trade_name,excluded_other_line,adjacent,"Compass Group USA, Inc.",Canteen Vending,454210,Vending Machine Operators,Charleston,WV,25312,2014-11-11,2016-11-01,0.0,0,0.0,1,N/A
1840683,Compass,trade_name,excluded_other_line,adjacent,"Compass Group USA, Inc.",Canteen Vending,454210,Vending Machine Operators,Dallas,TX,75244,2016-01-05,2018-01-04,0.0,0,0.0,1,N/A
1853474,Compass,trade_name,excluded_other_line,adjacent,"Compass Group USA, Inc.",Canteen Vending Services,45421,Vending Machine Operators,Houston,TX,77084,2017-01-28,2019-01-26,493.52,1,0.0,2,R
1864547,Compass,trade_name,excluded_other_line,adjacent,"Compass Group, North America","Eurest Services, Inc.",56172,Janitorial Services,West Chester,OH,45069,2016-10-12,2018-10-12,4494.36,8,0.0,10,N/A
1884036,Compass,name_leading,excluded_other_line,other_line_of_business,"Compass Group USA, Inc.","Touchpoint Support Services, LLC",561320,Temporary Help Services,Atlanta,GA,30350,2018-01-01,2019-12-31,44445.94,148,0.0,148,N/A
1886736,Compass,trade_name,excluded_other_line,adjacent,"Compass Group USA, Inc.",Canteen Vending,45421,Vending Machine Operators,Little Rock,AR,72206,2017-08-07,2019-08-06,0.0,0,0.0,2,N/A
1906086,Compass,name_leading,excluded_other_line,adjacent,"Compass Group USA, Inc.",SSC Services for Education,561720,Janitorial Services,Marshall,TX,75671,2018-04-30,2020-04-29,0.0,0,0.0,0,N/A
1918350,Compass,name_leading,excluded_other_line,other_line_of_business,"Compass Group USA, Inc.",Unidine,561320,Temporary Help Services,Charlotte,NC,28217,2020-07-08,2020-07-25,384.25,1,0.0,1,N/A
1923397,Compass,trade_name,excluded_other_line,other_line_of_business,"Compass Group USA, Inc",Morrison Community Living,721310,Rooming and Boarding Houses,Denton,TX,76205,2020-05-15,2020-12-14,0.0,0,0.0,0,N/A
1924638,Compass,name_leading,excluded_other_line,adjacent,"Compass Group USA, Inc",Crothall Linen,561720,Janitorial Services,Birmingham,AL,35211,2018-12-30,2020-12-27,0.0,0,0.0,0,N/A
1351129,Delaware North,distinctive,excluded_other_line,other_line_of_business,"Metroplex SportService, Inc.","Dallas SportService, Inc",71394,Fitness and Recreational Sports Centers,Dallas,TX,75219,2002-05-05,2004-05-05,0.0,0,0.0,1,N/A
1532509,Delaware North,trade_name,excluded_other_line,other_line_of_business,Delaware North Companies Inc.,Delaware North Companies,713290,Other Gambling Industries,Buffalo,NY,14202,2007-01-01,2009-01-03,8035.71,175,0.0,175,N/A
1583862,Delaware North,trade_name,excluded_other_line,other_line_of_business,Delaware North Company Parks & Resorts at KSC,Delaware North Company Parks & Resorts at KSC,561612,Security Guards and Patrol Services,Kennedy Space Center,FL,32815,2008-07-20,2010-07-20,0.0,0,0.0,0,N/A
1686143,Delaware North,name_leading,excluded_other_line,other_line_of_business,"Delaware North Companies, Inc.","DNC Parks & Resorts at Sequoia, Inc.",713990,All Other Amusement and Recreation Industries,Sequoia National Park,CA,93262,2010-06-05,2013-06-04,0.0,0,0.0,7,N/A
1742258,Delaware North,trade_name,excluded_other_line,other_line_of_business,"Metroplex Sportservice, Inc.",Delaware North Companies Sportservice,09750,Local Parks and Recreation,Arlington,TX,76011,2012-10-10,2014-10-09,0.0,0,0.0,1,N/A
1882009,Delaware North,name_leading,excluded_other_line,other_line_of_business,"Delaware North Companies Sportservice, Inc",Metroplex Sportservice,561320,Temporary Help Services,Arlington,TX,76011,2017-07-11,2019-07-10,0.0,0,0.0,0,N/A
1815586,Metz Culinary Management,trade_name,excluded_other_line,other_line_of_business,Metz Culinary Management,Metz Culinary Management,44529,Other Specialty Food Stores,Dallas,PA,18612,2015-04-02,2017-04-01,0.0,0,0.0,2,N/A
1995987,Metz Culinary Management,trade_name,excluded_other_line,other_line_of_business,"Metz Culinary Management, LLC",Metz Culinary Management,561311,Employment Placement Agencies,DALLAS,PA,18612,2022-08-21,2024-08-20,0.0,0,0.0,0,N/A
1345624,Sodexo,trade_name,excluded_other_line,adjacent,Sodexho Inc.,Sodexho Inc.,56172,Janitorial Services,Gaithersburg,MD,20878,2002-06-07,2004-06-06,4279.32,13,2860.0,14,R
1362541,Sodexo,trade_name,excluded_other_line,other_line_of_business,"Sodexho America, LLC.","Sodexho, Inc.",0916,State Hospitals,Glenn Ellen,CA,95431,2002-07-08,2004-07-08,0.0,0,0.0,0,N/A
1427324,Sodexo,trade_name,excluded_other_line,other_line_of_business,Sodexho Inc,Sodexho,55111,Management of Companies and Enterprises,Farmington,MI,48332,2003-12-13,2005-12-10,0.0,0,0.0,0,N/A
1474832,Sodexo,trade_name,excluded_other_line,adjacent,Sodexho America LLC,Sodexho Facility Management,561210,Facilities Support Services,Biddeford,ME,4005,2005-06-29,2007-06-23,292.96,1,2200.0,3,R
1500196,Sodexo,trade_name,excluded_other_line,other_line_of_business,"FDY, Inc.",SODEXHO/CENTRAL STATE UNIVERSITY,61171,Educational Support Services,Wilberforce,OH,45384,2007-07-01,2008-03-17,367.88,2,0.0,3,N/A
1500533,Sodexo,trade_name,excluded_other_line,other_line_of_business,Sodexho Management Inc.,Sodexho - North Ottawa Community Hospital,62211,General Medical and Surgical Hospitals,Grand Haven,MI,49417,2007-07-04,2008-08-01,0.0,0,0.0,1,N/A
1511251,Sodexo,trade_name,excluded_other_line,adjacent,Sodexho Inc & Affiliated Co.,Sodexho Management Services,561720,Janitorial Services,Edinburg,TX,78541,2006-05-03,2008-05-02,0.0,0,0.0,0,N/A
1541808,Sodexo,trade_name,excluded_other_line,adjacent,Sodexho Management Inc,Sodexo Inc and Affiliated Companies,561210,Facilities Support Services,Gaithersburg,MD,20878,2009-01-15,2009-05-01,906.69,10,0.0,17,N/A
1564580,Sodexo,trade_name,excluded_other_line,adjacent,"SDH Services East, LLC",Sodexo,561210,Facilities Support Services,Lubbock,TX,79415,2008-08-25,2010-08-24,49709.98,84,18480.0,85,R
1594554,Sodexo,trade_name,excluded_other_line,adjacent,SODEXO INC,Sodexo,561720,Janitorial Services,Fort Wayne,IN,46802,2010-07-19,2011-11-03,0.0,0,0.0,0,N/A
1625045,Sodexo,trade_name,excluded_other_line,adjacent,"Sodexo, Incorporated",SDH Services East,561210,Facilities Support Services,Nixa,MO,65714,2011-06-18,2011-07-27,0.0,0,0.0,2,N/A
1633420,Sodexo,trade_name,excluded_other_line,other_line_of_business,"Sodexo America, LLC","Sodexo, Inc.",541618,Other Management Consulting Services,Los Angeles,CA,90027,2010-12-17,2011-10-20,0.0,0,0.0,0,N/A
1650807,Sodexo,trade_name,excluded_other_line,adjacent,"Sodexo, Inc.",Sodexo Inc.,561210,Facilities Support Services,Gaithersburg,MD,20878,2011-08-09,2011-09-15,64.67,1,0.0,2,N/A
1668245,Sodexo,trade_name,excluded_other_line,adjacent,Sodexo America LLC,Sodexo,561210,Facilities Support Services,Tioga,ND,58852,2012-02-19,2012-09-10,446.21,1,0.0,2,R
1668945,Sodexo,trade_name,excluded_other_line,other_line_of_business,Sodexo,Sodexo,561110,Office Administrative Services,Valhalla,NY,10595,2012-02-14,2012-09-14,0.0,0,0.0,4,N/A
1669827,Sodexo,trade_name,excluded_other_line,adjacent,"Sodexo, Inc.","Sodexo, Inc",454390,Other Direct Selling Establishments,Troy,AL,36082,2010-10-09,2012-10-06,0.0,0,0.0,1,N/A
1697494,Sodexo,trade_name,excluded_other_line,adjacent,"Sodexo America, LLC","Sodexo America, LLC",454390,Other Direct Selling Establishments,Omaha,NE,68178,2011-09-27,2013-09-26,0.0,0,0.0,0,N/A
1762044,Sodexo,trade_name,excluded_other_line,adjacent,"Sodexo Management, Inc.",Sodexo,454390,Other Direct Selling Establishments,Gaithersburg,MD,20878,2013-08-15,2015-08-14,22505.0,1,0.0,3,N/A
1780758,Sodexo,trade_name,excluded_other_line,adjacent,SDH Services West LLC,Sodexo at Hiram College,561720,Janitorial Services,Hiram,OH,44234,2014-01-22,2016-01-21,0.0,0,0.0,0,N/A
1797599,Sodexo,trade_name,excluded_other_line,adjacent,"SDH Services West, LLC",Sodexo,454210,Vending Machine Operators,Omaha,NE,68114,2014-09-10,2016-09-08,0.0,0,0.0,0,N/A
1808911,Sodexo,trade_name,excluded_other_line,other_line_of_business,SDH Services West LLC,Sodexo,623110,Nursing Care Facilities,Traverse City,MI,49684,2015-01-25,2017-01-20,4492.73,9,0.0,10,N/A
1831132,Sodexo,trade_name,excluded_other_line,other_line_of_business,"SDH Services West, LLC","Sodexo CTM, LLC",811118,Other Automotive Mechanical and Electrical Repair and Maintenance,Galveston,TX,77555,2017-05-25,2017-09-11,0.0,0,0.0,2,N/A
1909381,Sodexo,trade_name,excluded_other_line,adjacent,Sodexo Inc,Sodexo,561210,Facilities Support Services,Gaithersburg,MD,20878,2018-05-05,2019-10-31,0.0,0,0.0,0,N/A
1943427,Sodexo,trade_name,excluded_other_line,adjacent,"SDH Services West , LLC",Sodexo,561720,Janitorial Services,Torrance,CA,90502,2020-02-28,2021-07-19,0.0,0,0.0,6,N/A
1969741,Sodexo,trade_name,excluded_other_line,other_line_of_business,Sodexo LLC,Sodexo,561110,Office Administrative Services,Oklahoma City,OK,73102,2021-05-22,2022-09-27,0.0,0,0.0,0,N/A
1985429,Sodexo,trade_name,excluded_other_line,adjacent,"Sodexo Operations, LLC",Sodexo,561210,Facilities Support Services,TYLER,TX,75799,2022-10-22,2023-09-19,0.0,0,0.0,0,N/A
1999371,Sodexo,trade_name,excluded_other_line,other_line_of_business,"SDH Services East, LLC",Sodexo,5612,Facilities Support Services,BEAVER,PA,15009,2024-09-28,2024-11-09,0.0,0,0.0,0,N/A
1556575,Thompson Hospitality,name_leading,excluded_other_line,other_line_of_business,Thompson Hospitality Corporation,Ashburn Car Wash,811192,Car Washes,Ashburn,VA,20147,2009-05-08,2011-05-01,0.0,0,0.0,1,N/A
1804492,Thompson Hospitality,trade_name,excluded_other_line,other_line_of_business,Thompson Hospitality Corporation,Thompson Hospitality Corporation,551114,"Corporate, Subsidiary, and Regional Managing Offices",Reston,VA,20190,2015-01-16,2017-01-13,34631.75,25,0.0,26,N/A
1820400,Thompson Hospitality,trade_name,excluded_other_line,other_line_of_business,"Thompson Hospitality Services, LLC",Thompson Hospitality Services,624210,Community Food Services,Elizabeth City,NC,27909,2015-08-05,2017-08-04,0.0,0,0.0,0,N/A
1541325,Aramark,trade_name,excluded_remote_site,food_service,"AraMark U S Offshore and Remote Site, Inc.",Aramark Offshore,722310,Food Service Contractors,Houston,TX,77090,2007-03-29,2009-03-25,0.0,0,0.0,0,N/A
1584235,Sodexo,trade_name,excluded_remote_site,food_service,"Sodexo Remote Sites, LP",Sodexo Remote Sites,722310,Food Service Contractors,Houston,TX,77060,2010-04-19,2010-05-07,0.0,0,0.0,0,N/A
1273308,Aramark,trade_name,in_scope,food_service,"Aramark American Food Services, Inc.",Aramark,72231,Food Service Contractors,Crawfordville,FL,32327,2001-09-23,2003-06-30,16388.43,32,0.0,32,R
1276392,Aramark,trade_name,in_scope,food_service,Aramark Services Inc,Aramark,72231,Food Service Contractors,Raleigh,NC,27607,2001-04-25,2003-04-28,0.0,0,1206.25,34,R
1320642,Aramark,trade_name,in_scope,food_service,"ARAMARK Correctional Services, Inc.",Aramark,72231,Food Service Contractors,Philadelphia,PA,19136,2002-04-05,2004-04-01,0.0,0,0.0,15,R
1356210,Aramark,trade_name,in_scope,food_service,"Aramark Sports, Inc.",Aramark Corporation,72231,Food Service Contractors,San Antonio,TX,78205,2002-07-11,2004-07-10,2323.97,1,0.0,1,N/A
1365656,Aramark,trade_name,in_scope,food_service,Aramark Corporation,Aramark,722212,"Cafeterias, Grill Buffets, and Buffets",Memphis,TN,38127,2003-08-09,2004-11-01,1006.86,8,0.0,8,N/A
1366940,Aramark,trade_name,in_scope,food_service,Aramark  Correctional services  Inc.,Aramark at Tomoka State Prison,72231,Food Service Contractors,Daytona Beach,FL,32119,2002-12-18,2004-10-06,5852.97,14,3080.0,14,R
1369381,Aramark,trade_name,in_scope,food_service,"Aramark, Inc.",Aramark,722212,"Cafeterias, Grill Buffets, and Buffets",Laredo,TX,78040,2002-10-04,2004-09-21,461.45,2,0.0,2,R
1377093,Aramark,trade_name,in_scope,food_service,ARAMARK,ARAMARK,722310,Food Service Contractors,Brevard,NC,28712,2002-12-19,2004-12-15,2091.56,18,3960.0,18,R
1386489,Aramark,trade_name,in_scope,food_service,"Aramark, Inc.",Aramark Dining Services,722110,Full-Service Restaurants,Columbus,OH,43215,2004-10-29,2005-01-05,0.0,0,0.0,0,N/A
1396944,Aramark,trade_name,in_scope,food_service,Aramark Corporation,ARAMARK,722212,"Cafeterias, Grill Buffets, and Buffets",Philadelphia,PA,19106,2005-01-19,2005-03-21,2940.0,1,0.0,2,N/A
1399608,Aramark,trade_name,in_scope,food_service,ARAMARK,ARAMARK,722310,Food Service Contractors,Norman,OK,73019,2003-03-20,2005-03-16,0.0,0,0.0,0,N/A
1408261,Aramark,trade_name,in_scope,food_service,Aramark Corporation,"Aramark Business Services, Inc.",72231,Food Service Contractors,Wilmington,NC,28401,2004-01-01,2006-01-01,16831.49,59,0.0,60,N/A
1415756,Aramark,trade_name,in_scope,food_service,Aramark,Aramark,722320,Caterers,Miami,FL,33181,2004-12-07,2004-12-17,108.16,3,0.0,3,N/A
1425729,Aramark,trade_name,in_scope,food_service,Aramark Corporation,Aramark at Dixmoor Jessie Mount Houston Corre,722212,"Cafeterias, Grill Buffets, and Buffets",Dixmoor,IL,60426,2004-10-01,2006-02-02,5837.56,3,660.0,4,R
1428898,Aramark,trade_name,in_scope,food_service,Aramark Corporation,Aramark Campus Services,72231,Food Service Contractors,Rochester,NY,14624,2005-05-03,2006-07-12,793.52,7,0.0,7,N/A
1428912,Aramark,trade_name,in_scope,food_service,"Aramark Services, Inc.","Aramark, Inc.",722310,Food Service Contractors,Westlake,LA,70669,2005-10-01,2005-10-28,22360.0,37,0.0,38,N/A
1436963,Aramark,trade_name,in_scope,food_service,ARAMARK,ARAMARK,722310,Food Service Contractors,Los Alamos,NM,87545,2004-07-13,2006-07-11,153440.91,72,0.0,177,N/A
1437795,Aramark,trade_name,in_scope,food_service,Aramark Corporation,Aramark Corporation c/o Starbucks,722211,Limited-Service Restaurants,Boston,MA,2210,2005-08-26,2007-08-24,1883.0,1,0.0,1,N/A
1439428,Aramark,trade_name,in_scope,food_service,"Aramark Healthcare Support Services, Inc.","Aramark Healthcare Support Services, Inc.",72221,Limited-Service Eating Places,Durham,NC,27710,2004-03-28,2006-03-27,0.0,0,0.0,1,N/A
1448862,Aramark,trade_name,in_scope,food_service,Aramark Management Services,Aramark @ Monroe Community College,7223,Special Food Services,Rochester,NY,14623,2004-11-03,2006-11-01,5621.82,8,0.0,8,N/A
1466853,Aramark,name_leading,in_scope,food_service,"Aramark, Inc.",Eagle Dining,72221,Limited-Service Eating Places,Hattiesburg,MS,39406,2004-12-31,2006-12-31,1035.0,2,0.0,2,N/A
1479223,Aramark,trade_name,in_scope,food_service,Aramark Corporation dba,"Aramark Correctional Services, LLC",722310,Food Service Contractors,Las Cruces,NM,88001,2005-07-28,2007-07-25,506.44,1,0.0,2,R
1479328,Aramark,trade_name,in_scope,food_service,"Aramark, Inc",Aramark Food Service,722310,Food Service Contractors,Sewanee,TN,37383,2005-07-05,2007-07-05,0.0,0,0.0,0,N/A
1500887,Aramark,trade_name,in_scope,food_service,"Aramark, Inc.",Aramark,722310,Food Service Contractors,Pocopson,PA,19366,2006-03-13,2008-03-12,0.0,0,0.0,0,N/A
1511774,Aramark,trade_name,in_scope,food_service,"ARAMARK Correctional Services, LLC",Aramark,72231,Food Service Contractors,Pendleton,IN,46064,2007-12-01,2008-02-29,0.0,0,0.0,0,N/A
1515193,Aramark,name_leading,in_scope,food_service,Aramark Mana. Services Limited Partnership,Magnolia Grill,722110,Full-Service Restaurants,Harlingen,TX,78551,2007-09-01,2008-06-16,42.39,1,0.0,2,R
1523863,Aramark,trade_name,in_scope,food_service,"Aramark/ Campus services, LLC",Aramark/  Alabama A&M University,72231,Food Service Contractors,Normal,AL,35762,2006-10-26,2008-10-23,33.44,1,220.0,1,R
1535415,Aramark,trade_name,in_scope,food_service,Aramark,"Aramark Correctional Services, LLC",722310,Food Service Contractors,Greensboro,NC,27401,2007-01-09,2009-01-08,5480.52,7,1540.0,7,R
1545929,Aramark,trade_name,in_scope,food_service,"Aramark Correctional Services, LLC.",Aramark- Nueces County Jail,722310,Food Service Contractors,Corpus Christi,TX,78401,2008-07-11,2010-07-09,0.0,0,0.0,0,N/A
1581793,Aramark,trade_name,in_scope,food_service,Aramark,"Aramark Sports, LLC",722320,Caterers,Las Vegas,NV,89109,2008-12-01,2010-11-30,0.0,0,0.0,0,N/A
1596675,Aramark,trade_name,in_scope,food_service,"Aramark Sports, LLC","Aramark Sports, LLC",722320,Caterers,Philadelphia,PA,19107,2008-10-10,2010-10-08,0.0,0,0.0,0,N/A
1612425,Aramark,trade_name,in_scope,food_service,Aramark Services of Puerto Rico,Aramark Services of Puerto Rico,722212,"Cafeterias, Grill Buffets, and Buffets",San Juan,PR,926,2009-04-02,2011-03-30,1278.78,4,0.0,4,N/A
1645955,Aramark,name_leading,in_scope,food_service,Aramark Schools Inc.,Beef O' Brady's,722110,Full-Service Restaurants,Tampa,FL,33620,2010-04-04,2012-04-04,0.0,0,0.0,0,N/A
1646964,Aramark,trade_name,in_scope,food_service,"ARAMARK Services Management of HI, Inc",ARAMARK Corporation,7223,Special Food Services,Honolulu,HI,96816,2010-06-09,2012-06-05,1710.37,2,1100.0,2,RW
1647347,Aramark,trade_name,in_scope,food_service,"Aramark Campus Services, Inc.",ARAMARK Campus Services,722310,Food Service Contractors,Wakefield,MA,1880,2010-04-01,2012-03-31,45486.74,55,0.0,56,N/A
1667699,Aramark,trade_name,in_scope,food_service,Aramark Management Services LP,Aramark Management Services LP,722310,Food Service Contractors,Glenview,IL,60026,2010-10-03,2012-09-29,0.0,0,0.0,0,N/A
1672991,Aramark,name_leading,in_scope,food_service,"Aramark Campus, LLC",EKU Dining Services,722212,"Cafeterias, Grill Buffets, and Buffets",Richmond,KY,40475,2010-12-04,2012-12-03,0.0,0,0.0,0,N/A
1673690,Aramark,trade_name,in_scope,food_service,Aramark Corporation,Aramark,72231,Food Service Contractors,Philadelphia,PA,19107,2012-06-19,2012-09-20,961.88,1,0.0,4,N/A
1673705,Aramark,trade_name,in_scope,food_service,"ARAMARK Correctional Services, LLC",Aramark,722310,Food Service Contractors,Hutchinson,KS,67504,2011-01-15,2013-01-11,4061.63,1,0.0,3,R
1690342,Aramark,trade_name,in_scope,food_service,"ARAMARK Educational Services, LLC",ARAMARK,722310,Food Service Contractors,Lockport,NY,14094,2012-08-01,2013-04-03,0.0,0,0.0,0,N/A
1691647,Aramark,trade_name,in_scope,food_service,ARAMARK,ARAMARK/The Attic BSC dba Subway #37520,722211,Limited-Service Restaurants,Birmingham,AL,35254,2011-05-05,2013-05-02,64.53,1,0.0,8,N/A
1723277,Aramark,trade_name,in_scope,food_service,"Aramark Services of Puerto Rico, Inc.",Aramark,722212,"Cafeterias, Grill Buffets, and Buffets",San Juan,PR,926,2012-04-12,2014-04-09,0.0,0,0.0,0,N/A
1725967,Aramark,trade_name,in_scope,food_service,"Aramark Correctional Services, LLC",Aramark Correctional Services or ARC,722310,Food Service Contractors,Cleveland,OH,44101,2012-06-06,2014-06-04,145.8,1,0.0,3,N/A
1726166,Aramark,name_leading,in_scope,food_service,Aramark Services Inc.,Blue Sky Cafe - FAA OKC,722212,"Cafeterias, Grill Buffets, and Buffets",Oklahoma City,OK,73169,2013-05-01,2014-06-06,46669.05,20,0.0,24,N/A
1741051,Aramark,name_leading,in_scope,food_service,Aramark Corporation,TSF Cafe,722213,Snack and Nonalcoholic Beverage Bars,Oklahoma City,OK,73169,2013-05-01,2014-06-06,5302.33,1,0.0,3,N/A
1741052,Aramark,name_leading,in_scope,food_service,Aramark Corporation,Einstein Bagel,722212,"Cafeterias, Grill Buffets, and Buffets",Oklahoma City,OK,73169,2013-05-01,2014-06-06,14406.2,10,0.0,11,N/A
1741055,Aramark,name_leading,in_scope,food_service,Aramark Corporation,Java City Trattoria,722213,Snack and Nonalcoholic Beverage Bars,Oklahoma City,OK,73169,2013-05-01,2014-06-06,0.0,0,0.0,1,N/A
1742148,Aramark,trade_name,in_scope,food_service,Aramark Mangement Services Limited,Aramark,722310,Food Service Contractors,Summerfield,NC,27358,2013-01-15,2015-01-01,72.48,1,0.0,2,R
1745622,Aramark,trade_name,in_scope,food_service,"Aramark Services, Inc.",Aramark,722310,Food Service Contractors,Saint Louis,MO,63134,2013-02-22,2015-02-21,1154.88,14,0.0,14,N/A
1768169,Aramark,trade_name,in_scope,food_service,"Aramark Services, Inc.",Aramark - Blue Sky Cafe,722310,Food Service Contractors,Oklahoma City,OK,73169,2014-09-25,2016-02-24,0.0,0,0.0,0,N/A
1776095,Aramark,trade_name,in_scope,food_service,"Aramark Campus, LLC",Aramark,722211,Limited-Service Restaurants,Las Vegas,NV,89154,2013-04-02,2016-04-01,0.0,0,0.0,0,N/A
1787545,Aramark,trade_name,in_scope,food_service,Einstein and Noah Corp/Aramark Services Inc.,Aramark - Einstein Bagel Cafe,722310,Food Service Contractors,Oklahoma City,OK,73169,2014-09-25,2016-02-24,0.0,0,0.0,1,N/A
1789365,Aramark,name_leading,in_scope,food_service,"Aramark Campus, LLC",Starbucks - Western WA University,722310,Food Service Contractors,Bellingham,WA,98225,2014-05-06,2016-05-03,0.0,0,0.0,1,N/A
1816808,Aramark,trade_name,in_scope,food_service,Aramark,Aramark,722310,Food Service Contractors,Monroe,LA,71203,2015-04-02,2017-03-31,0.0,0,0.0,0,N/A
1834870,Aramark,name_leading,in_scope,food_service,"Aramark, Inc.",Which Wich Baylor University,722211,Limited-Service Restaurants,Waco,TX,76706,2015-12-07,2017-12-06,0.0,0,0.0,0,N/A
1850558,Aramark,trade_name,in_scope,food_service,ARAMARK Corporation,Aramark,722310,Food Service Contractors,Hutchinson,KS,67501,2016-07-14,2018-07-11,9790.69,9,3897.0,10,R
1870536,Aramark,trade_name,in_scope,food_service,"Aramark Services of Puerto Rico, Inc","Aramark Services of Puerto Rico, Inc.",722212,"Cafeterias, Grill Buffets, and Buffets",Philadelphia,PA,19107,2017-01-03,2019-01-02,25457.04,9,0.0,19,N/A
1874837,Aramark,name_leading,in_scope,food_service,"Aramark Campus, LLC",Moe's Southwest Grill,722211,Limited-Service Restaurants,Buies Creek,NC,27506,2017-02-20,2019-02-19,0.0,0,0.0,0,N/A
1885157,Aramark,trade_name,in_scope,food_service,"ARAMARK Correctional Services, LLC",Aramark Correctional Services,722310,Food Service Contractors,Hutchinson,KS,67501,2017-06-22,2019-06-19,4967.75,1,403.0,3,R
1898117,Aramark,trade_name,in_scope,food_service,"Aramark Healthcare Support Services, LLC",Aramark,722310,Food Service Contractors,Rio Rancho,NM,87124,2017-12-07,2019-12-06,1032.05,1,0.0,1,N/A
1925304,Aramark,trade_name,in_scope,food_service,Aramark Services Inc.,Aramark Services Inc.,722310,Food Service Contractors,New Orleans,LA,70115,2019-02-03,2021-02-02,0.0,0,0.0,0,N/A
1971323,Aramark,trade_name,in_scope,food_service,Aramark Intermediate Holdco Corporation,"Aramark Services, Inc",722310,Food Service Contractors,Shreveport,LA,71105,2020-09-16,2022-09-15,0.0,0,0.0,0,N/A
1980467,Aramark,trade_name,in_scope,food_service,Aramark Campus LLC,Aramark,722310,Food Service Contractors,KNOXVILLE,TN,37996,2021-11-18,2023-08-21,0.0,0,0.0,167662,N/A
1987610,Aramark,trade_name,in_scope,food_service,"Aramark Campus, LLC",Aramark,722310,Food Service Contractors,UNIONDALE,NY,11553,2023-07-01,2024-03-15,19340.78,38,0.0,38,N/A
2005852,Aramark,name_leading,in_scope,food_service,Aramark Sports and Entertainment Services LLC,Zephyr Cove Resort,722310,Food Service Contractors,ZEPHYR COVE,NV,89448,,,0.0,0,0.0,1,N/A
2007711,Aramark,trade_name,in_scope,food_service,Aramark Intermediate Holdco Corp,Aramark Services Inc.,72231,Food Service Contractors,LICKING,MO,65542,,,0.0,0,0.0,0,N/A
5101619,Aramark,name_leading,in_scope,food_service,Aramark,Smokey?s on the Gorge,722511,Full-Service Restaurants,Victor,WV,25938,2024-07-10,2026-05-27,0.0,0,0.0,1,N/A
1393031,Centerplate,trade_name,in_scope,food_service,"Volume Services America, Inc.",Centerplate,72231,Food Service Contractors,Myrtle Beach,SC,29577,2004-10-06,2004-10-12,481.0,5,0.0,6,N/A
1828957,Centerplate,trade_name,in_scope,food_service,"Volume Services America, Inc.","Center Plate, Inc.",722320,Caterers,Greenville,SC,29615,2016-05-01,2017-04-17,242.72,1,0.0,3,N/A
1885541,Centerplate,name_leading,in_scope,food_service,"Centerplate, Inc.",Hit It Here Cafe,722110,Full-Service Restaurants,Seattle,WA,98134,2017-08-27,2019-08-26,1590.19,17,0.0,17,N/A
1972529,Centerplate,trade_name,in_scope,food_service,"Sodexo, Inc.",Centerplate Sodexo,722310,Food Service Contractors,MIAMI GARDENS,FL,33056,2020-11-16,2022-11-15,6114.6,19,2497.0,20,N/A
1381936,Compass,name_leading,in_scope,food_service,Compass Group USA Inc,Canteen,72231,Food Service Contractors,Maryland Heights,MO,63043,2002-11-20,2004-11-19,4805.19,13,2860.0,13,R
1386455,Compass,trade_name,in_scope,food_service,A Division of Compass Group d/b/a,"Eurest Dining, Inc.",722212,"Cafeterias, Grill Buffets, and Buffets",Waltham,MA,2452,2003-01-02,2005-01-01,1628.43,1,0.0,2,N/A
1409074,Compass,name_leading,in_scope,food_service,"Compass Group USA, Inc.",O'Brien's Pub and Grille,722110,Full-Service Restaurants,Pittsburgh,PA,15231,2003-07-24,2005-07-14,474.11,8,2750.0,9,R
1411165,Compass,name_leading,in_scope,food_service,Morrison Management Specialists,Blimpie Subs & Salads,722211,Limited-Service Restaurants,Atlanta,GA,30312,2003-08-03,2005-08-02,0.0,0,0.0,0,N/A
1414842,Compass,trade_name,in_scope,food_service,"Compass Group USA, Inc.",Canteen Vending,722212,"Cafeterias, Grill Buffets, and Buffets",Glen Allen,VA,23060,2005-02-15,2005-08-16,0.0,0,0.0,0,N/A
1417909,Compass,name_leading,in_scope,food_service,Compass Group,Newport Food Services,722310,Food Service Contractors,Lansdale,PA,19446,2005-08-22,2005-09-04,1446.5,1,0.0,1,N/A
1422569,Compass,trade_name,in_scope,food_service,"Compass Group USA, Inc. d/b/a",Eurest Dining Services,722212,"Cafeterias, Grill Buffets, and Buffets",Hudson,NH,3051,2005-07-25,2005-12-10,3236.2,1,0.0,1,N/A
1422587,Compass,trade_name,in_scope,food_service,Compass Group USA,Compass Group USA/Creative,722310,Food Service Contractors,Charlotte,NC,28217,2003-07-17,2005-07-16,1238.58,17,0.0,17,N/A
1422677,Compass,trade_name,in_scope,food_service,"Compass Group USA, Inc",Canteen Food Management,72231,Food Service Contractors,Big Spring,TX,79720,2004-06-22,2006-06-20,0.0,0,0.0,0,N/A
1432378,Compass,trade_name,in_scope,food_service,"Compass Group USA, Inc.",Canteen Vending Services,722310,Food Service Contractors,Bethlehem,PA,18017,2004-04-26,2006-04-25,0.0,0,0.0,0,N/A
1435536,Compass,trade_name,in_scope,food_service,Compass- Eurest,"Compass Group USA, Inc.",722212,"Cafeterias, Grill Buffets, and Buffets",Seattle,WA,98109,2004-03-18,2006-03-16,3544.87,2,0.0,3,R
1437841,Compass,trade_name,in_scope,food_service,"Compass Group USA, Inc.",Compass Group,722310,Food Service Contractors,Charlotte,NC,28217,2005-11-26,2006-03-03,1936.87,1,0.0,1,N/A
1438798,Compass,trade_name,in_scope,food_service,"Compass Group USA, Inc.",Eurest Dining Services,72231,Food Service Contractors,Groton,CT,6340,2004-06-01,2006-06-01,0.0,0,0.0,0,N/A
1455861,Compass,name_leading,in_scope,food_service,"Compass Group USA, Inc.","Trettco, Inc. dba HDS Services",722310,Food Service Contractors,Grundy,VA,24614,2004-10-16,2006-10-07,2383.71,14,3080.0,15,R
1459635,Compass,name_leading,in_scope,food_service,Restaurant Associates,Atrium Cafe,722211,Limited-Service Restaurants,Boston,MA,2111,2006-01-08,2008-01-07,0.0,0,0.0,0,N/A
1476728,Compass,trade_name,in_scope,food_service,"Compass Group USA, Inc",Compass Group,722212,"Cafeterias, Grill Buffets, and Buffets",Jackson,MS,39212,2005-07-06,2007-06-29,0.0,0,0.0,0,N/A
1488227,Compass,name_leading,in_scope,food_service,"Compass Group, North America",Bon Appetit,722211,Limited-Service Restaurants,Towson,MD,21204,2006-03-04,2008-02-25,2310.44,9,0.0,10,N/A
1503480,Compass,trade_name,in_scope,food_service,"Canteen Service of Augusta, Inc",Canteen Service,72231,Food Service Contractors,Washington,MO,63090,2006-06-03,2008-06-02,4890.06,12,0.0,12,N/A
1511023,Compass,trade_name,in_scope,food_service,"Compass Group USA, Inc.",Morrison  Management Specialists,72231,Food Service Contractors,Little Rock,AR,72205,2006-05-25,2008-05-22,2336.25,1,220.0,2,R
1515230,Compass,name_leading,in_scope,food_service,Bon Appetit Management Company,Bon Appetit,722310,Food Service Contractors,Cleveland,OH,44106,2006-09-24,2008-09-25,14478.94,5,0.0,9,N/A
1516915,Compass,trade_name,in_scope,food_service,Compass Group North America,Morrison Healthcare Food Services,722310,Food Service Contractors,Paducah,KY,42003,2006-10-26,2008-10-25,13908.09,10,2200.0,20,R
1523579,Compass,trade_name,in_scope,food_service,Compass Group,Canteen Dining Services,722310,Food Service Contractors,Huger,SC,29450,2007-03-04,2009-02-28,13143.28,11,0.0,12,N/A
1541641,Compass,name_leading,in_scope,food_service,Compass Group,Chartwell's Food Service,72231,Food Service Contractors,Biloxi,MS,39530,2007-10-20,2009-10-10,5351.0,1,0.0,1,N/A
1543608,Compass,name_leading,in_scope,food_service,Bon Appetit Management Company,Bon Appetit,722320,Caterers,Redwood City,CA,94065,2007-04-21,2009-05-06,28341.12,83,0.0,84,N/A
1557648,Compass,trade_name,in_scope,food_service,Canteen Correctional Services,Compass Group USA incorporated,722310,Food Service Contractors,Olney Springs,CO,81062,2008-03-04,2010-03-23,1302.38,1,0.0,2,R
1558136,Compass,trade_name,in_scope,food_service,"Morrison Management Specialists, Inc.",Morrison Healthcare Food Services,722310,Food Service Contractors,Lancaster,PA,17604,2008-01-18,2010-01-14,1082.35,7,1540.0,7,R
1559270,Compass,trade_name,in_scope,food_service,Compass Group North America,Eurest Dining Services,72221,Limited-Service Eating Places,Birmingham,AL,35285,2008-08-25,2010-05-06,82179.82,20,0.0,42,N/A
1564553,Compass,trade_name,in_scope,food_service,Compass Group,Chartwells K thru 12th,72232,Caterers,Miami Beach,FL,33140,2008-04-12,2010-03-13,1117.15,3,660.0,4,R
1576650,Compass,trade_name,in_scope,food_service,Compass Group USA,Eurest Dining Services,722212,"Cafeterias, Grill Buffets, and Buffets",Medina,MN,55340,2009-03-01,2011-02-28,1567.92,3,660.0,3,R
1579767,Compass,trade_name,in_scope,food_service,,Compass Group,722310,Food Service Contractors,Minneapolis,MN,55416,2010-04-01,2010-04-01,0.0,0,0.0,0,N/A
1600337,Compass,trade_name,in_scope,food_service,"Compass Group USA, Inc.","Compass Group USA, Inc. dba Eurest Dining Ser",722310,Food Service Contractors,Tullahoma,TN,37388,2008-11-08,2010-10-30,0.0,0,0.0,0,N/A
1610919,Compass,trade_name,in_scope,food_service,Compass Group North America,Eurest Dining Services,72221,Limited-Service Eating Places,Birmingham,AL,35285,2010-05-30,2010-09-30,10893.07,13,0.0,13,N/A
1612656,Compass,trade_name,in_scope,food_service,"Compass Group USA, Inc.",Eurest Dining Services,72231,Food Service Contractors,Greensboro,NC,27410,2009-04-26,2011-04-25,9038.41,12,2640.0,12,R
1625646,Compass,trade_name,in_scope,food_service,Compass Group of North America,Eurest Dining Services,722310,Food Service Contractors,Charlotte,NC,28217,2011-05-13,2011-11-30,0.0,0,0.0,1,N/A
1653660,Compass,name_leading,in_scope,food_service,"Wolfgang Puck Catering and Events, LLC",Red I Seven-Pacific Design Center,722110,Full-Service Restaurants,West Hollywood,CA,90069,2010-04-26,2012-04-25,0.0,0,0.0,1,N/A
1654852,Compass,name_leading,in_scope,food_service,Canteen Correctional Services,Campass Group USA Inc.,72231,Food Service Contractors,Salt Lake City,UT,84119,2010-06-05,2012-06-04,0.0,0,0.0,0,N/A
1656978,Compass,trade_name,in_scope,food_service,"Compass Group USA, Inc.",Bon Appetit Management Company,722110,Full-Service Restaurants,Westerville,OH,43081,2010-06-03,2012-05-24,0.0,0,0.0,0,N/A
1662288,Compass,trade_name,in_scope,food_service,"Compass Group USA, Inc.",Compass Group,722310,Food Service Contractors,Charlotte,NC,28217,2011-11-21,2012-10-06,1576.02,1,0.0,1,N/A
1662909,Compass,trade_name,in_scope,food_service,Flick Internation Corporation,Flik International Corporation,722310,Food Service Contractors,Norwood,MA,2062,2010-08-09,2012-08-09,1546.48,1,0.0,2,N/A
1665471,Compass,trade_name,in_scope,food_service,Compass Group USA,Compass Group - Eurest,722110,Full-Service Restaurants,Plano,TX,75024,2010-08-24,2012-08-23,0.0,0,0.0,0,N/A
1679414,Compass,trade_name,in_scope,food_service,"Morrison Management Specialists, Inc.",Morrison Senior Living,722310,Food Service Contractors,Shelbyville,KY,40066,2011-02-17,2013-02-16,1872.5,1,220.0,2,R
1680879,Compass,trade_name,in_scope,food_service,Compass Group,Morrison Dining Services,722310,Food Service Contractors,Commack,NY,11725,2012-09-01,2013-03-25,886.2,1,0.0,5,N/A
1704191,Compass,trade_name,in_scope,food_service,Bon Appetit Management Company,Bon Appetit Management Company,7223,Special Food Services,Palo Alto,CA,94301,2012-06-01,2014-03-06,5806.58,4,2200.0,4,RW
1716905,Compass,trade_name,in_scope,food_service,"Compass Group USA, Inc.","Compass Group USA, Inc.",722212,"Cafeterias, Grill Buffets, and Buffets",Los Angeles,CA,90012,2014-01-06,2014-02-07,0.0,0,0.0,0,N/A
1742142,Compass,trade_name,in_scope,food_service,Compass Group - USA,Chartwells Dining at CSU,722320,Caterers,Charlotte,NC,28217,2013-01-23,2015-01-22,0.0,0,0.0,0,N/A
1777657,Compass,name_leading,in_scope,food_service,Compass Group USA Inc.,On 20,722211,Limited-Service Restaurants,Hartford,CT,6103,2013-12-10,2015-12-09,26.25,1,0.0,1,N/A
1777703,Compass,name_leading,in_scope,food_service,"Compass Group USA, Inc. dba Canteen",Canteen,722110,Full-Service Restaurants,Charlotte,NC,28217,2014-10-03,2015-07-30,3222.72,12,2640.0,24,R
1780177,Compass,trade_name,in_scope,food_service,"Compass Group USA, Inc.",Chartwells,722310,Food Service Contractors,Cookeville,TN,38501,2014-01-12,2016-01-10,25318.3,28,15908.0,28,RW
1796202,Compass,trade_name,in_scope,food_service,"Compass Group USA, Inc",Canteen Vending Services,722212,"Cafeterias, Grill Buffets, and Buffets",Pottsville,PA,17901,2014-09-16,2016-09-15,376.17,3,0.0,4,R
1798522,Compass,trade_name,in_scope,food_service,"Compass Group USA, Inc.",Compass Group USA,72231,Food Service Contractors,Newport,KY,41076,2014-08-25,2016-08-24,0.0,0,0.0,0,N/A
1800471,Compass,trade_name,in_scope,food_service,"Restaurant Associates, LLC",Restaurant Associates,722310,Food Service Contractors,New York,NY,10001,2011-05-27,2017-05-25,45272.93,228,0.0,230,N/A
1801786,Compass,trade_name,in_scope,food_service,"Restaurant Associates, LLC","Restaurant Associates, LLC",722212,"Cafeterias, Grill Buffets, and Buffets",New York,NY,10001,2012-06-01,2016-12-14,454747.92,464,0.0,642,N/A
1810088,Compass,trade_name,in_scope,food_service,"Restaurant Associates, LLC",Restaurant Associates,722310,Food Service Contractors,New York,NY,10001,2016-10-25,2018-01-18,0.0,0,0.0,0,N/A
1824044,Compass,name_leading,in_scope,food_service,Compass Group Usa,Morrison Cafeteria,722110,Full-Service Restaurants,Montgomery,AL,36117,2015-08-21,2017-08-19,0.0,0,0.0,1,N/A
1825352,Compass,name_leading,in_scope,food_service,Compass Group USA,"Compass One, LLC",722211,Limited-Service Restaurants,Miami,FL,33196,2015-07-28,2017-07-27,0.0,0,0.0,1,N/A
1830342,Compass,name_leading,in_scope,food_service,Compass Group USA Inc,Salsarita's,722211,Limited-Service Restaurants,Greensboro,NC,27406,2015-08-28,2017-08-25,0.0,0,0.0,0,N/A
1832834,Compass,trade_name,in_scope,food_service,"Compass Group USA, Inc.",Chartwells/Red Mango,722211,Limited-Service Restaurants,San Marcos,TX,78666,2016-02-01,2017-09-14,0.0,0,0.0,1,N/A
1855229,Compass,trade_name,in_scope,food_service,"Compass Group USA, Inc.",Chartwells School Dining Services,722310,Food Service Contractors,Jacksonville,FL,32216,2016-09-06,2018-09-05,179.61,1,0.0,2,N/A
1863087,Compass,trade_name,in_scope,food_service,Restaurant Associates Corp.,Restaurant Associates Corp,722110,Full-Service Restaurants,New York,NY,10010,2016-09-26,2018-09-23,0.0,0,0.0,4,N/A
1868959,Compass,trade_name,in_scope,food_service,"Compass Group, USA",Chartwells,722310,Food Service Contractors,Bismarck,ND,58504,2017-01-08,2019-01-07,0.0,0,0.0,0,N/A
1877962,Compass,name_leading,in_scope,food_service,Compass Group USA,Moe's Southwest Grill,722110,Full-Service Restaurants,Arlington,TX,76019,2017-04-27,2019-04-26,0.0,0,0.0,1,N/A
1888425,Compass,name_leading,in_scope,food_service,Compass Group USA Inc,Lacey's On the Hill Restaurant,722110,Full-Service Restaurants,Cape Girardeau,MO,63701,2018-09-01,2019-08-12,0.0,0,0.0,1,N/A
1888443,Compass,trade_name,in_scope,food_service,"Compass Group USA, Inc.",Chartwells Dining & Catering,722110,Full-Service Restaurants,Cape Girardeau,MO,63701,2017-08-13,2019-08-12,0.0,0,0.0,1,N/A
1891643,Compass,trade_name,in_scope,food_service,"MORRISON MANAGEMENT SPECIALISTS, INC.",Morrison Healthcare,72231,Food Service Contractors,Norwalk,CT,6856,2019-08-02,2019-08-15,448.27,1,0.0,2,N/A
1899544,Compass,trade_name,in_scope,food_service,Eurest,Compass Group USA,722110,Full-Service Restaurants,Los Angeles,CA,90038,2018-02-26,2020-02-25,18152.38,1,415.0,2,R
1899552,Compass,name_leading,in_scope,food_service,"Morrison Healthcare, Inc.",Laredo Medical Center Cafeteria,722212,"Cafeterias, Grill Buffets, and Buffets",Laredo,TX,78041,2018-10-31,2020-01-23,0.0,0,0.0,1,N/A
1956463,Compass,trade_name,in_scope,food_service,"Compass Group USA, Inc.",Compass Group Usa Inc.,7223,Special Food Services,Charlotte,NC,28217,2021-09-20,2021-10-18,0.0,0,0.0,1,N/A
1961047,Compass,trade_name,in_scope,food_service,"Compass Group USA, Inc.",Chartwells,722310,Food Service Contractors,Charlotte,NC,28217,2021-08-01,2022-01-31,2039.53,2,0.0,4,N/A
1976908,Compass,trade_name,in_scope,food_service,"Compass Group USA, Inc",Morrison Community Living,722310,Food Service Contractors,WESTBOROUGH,MA,1581,2021-08-05,2023-02-02,8716.44,9,0.0,12,N/A
1980148,Compass,trade_name,in_scope,food_service,"Compass Group USA, Inc",Chartwells,722110,Full-Service Restaurants,DENTON,TX,76201,2021-06-22,2023-06-22,396.44,2,0.0,2,N/A
1985064,Compass,trade_name,in_scope,food_service,"Compass Group USA, Inc.",Compass Group,722310,Food Service Contractors,LA CROSSE,WI,54601,2022-02-26,2023-12-12,0.0,0,0.0,0,N/A
1987480,Compass,name_leading,in_scope,food_service,Flik International Corp.,Compass One LLC,7221,Full-Service Restaurants,AUSTIN,TX,78705,2022-03-01,2024-03-01,0.0,0,0.0,1,N/A
1997558,Compass,trade_name,in_scope,food_service,"Compass Group USA, Inc",Chartwells School Dining Services,722310,Food Service Contractors,FERNDALE,MI,48220,2024-06-17,2024-08-09,4329.0,1,0.0,2,N/A
1501335,Delaware North,trade_name,in_scope,food_service,Concessions of Houston (JV),Delaware North Companies Travel Hospitality,722310,Food Service Contractors,Houston,TX,77032,2007-10-07,2007-11-29,0.0,0,0.0,0,N/A
1523128,Delaware North,trade_name,in_scope,food_service,"Columbus Sport Service, LLC",Delaware North Companies Sportservice,722320,Caterers,Columbus,OH,43215,2006-09-17,2008-09-07,0.0,0,0.0,0,N/A
1639675,Delaware North,distinctive,in_scope,food_service,Maryland Sportservice Inc.,Maryland Sportservice Inc.,722213,Snack and Nonalcoholic Beverage Bars,Baltimore,MD,21201,2010-12-11,2012-12-11,0.0,0,0.0,0,N/A
1699457,Delaware North,name_leading,in_scope,food_service,Delaware North Companies Travel Hospitality S,Clarence Travel Plaza,722110,Full-Service Restaurants,Clarence,NY,14031,2011-07-08,2013-07-07,0.0,0,10150.0,5,N/A
1818597,Delaware North,name_leading,in_scope,food_service,Delaware North/Providence Sportservice Inc.,Dunkin Donuts,7222,Limited-Service Eating Places,Providence,RI,2903,2015-04-10,2017-04-08,0.0,0,0.0,0,N/A
1846426,Delaware North,name_leading,in_scope,food_service,"Delaware North Sportservices, Inc.",1919 Kitchen and Tap,722110,Full-Service Restaurants,Green Bay,WI,54304,2016-08-07,2018-08-06,4648.0,84,0.0,87,N/A
2007943,Delaware North,trade_name,in_scope,food_service,,Delaware North,722410,Drinking Places (Alcoholic Beverages),ARLINGTON,TX,76011,,,0.0,0,0.0,0,N/A
1399025,Levy,name_leading,in_scope,food_service,Levy World Limited Partnership,Fulton's Crab House,722110,Full-Service Restaurants,Orlando,FL,32830,2003-06-30,2005-06-29,0.0,0,0.0,0,N/A
1402313,Levy,name_leading,in_scope,food_service,Levy Premium FoodService Limited Partnership,Levy Restaurant,72231,Food Service Contractors,Orlando,FL,32819,2003-04-29,2005-04-28,0.0,0,0.0,0,N/A
1544346,Levy,trade_name,in_scope,food_service,Levy Premium Foodservice Limited Partnership,Levy Restaurants,722211,Limited-Service Restaurants,Sandy,UT,84070,2008-09-01,2009-06-05,893.6,1,0.0,2,N/A
1583460,Levy,trade_name,in_scope,food_service,"Levy Premium Food Service, LLC",Levy Restaurants/Platinum Club,722211,Limited-Service Restaurants,Dallas,TX,75219,2008-08-26,2010-08-25,3473.92,24,0.0,24,N/A
1654389,Levy,trade_name,in_scope,food_service,"Levy Premium Foodservice, LP dba Levy Rest.",Levy Restaurants,722310,Food Service Contractors,Charlotte,NC,28202,2010-05-17,2012-05-16,0.0,0,0.0,1,N/A
1671469,Levy,name_leading,in_scope,food_service,Levy Premium Foodservice Limited Partnership,San Manuel Club,72211,Full-Service Restaurants,Los Angeles,CA,90015,2010-10-31,2012-10-30,0.0,0,0.0,0,N/A
1679429,Levy,trade_name,in_scope,food_service,Levy Premium Foodservice L.P. dba Levy Rest.,Levy Restaurants Inc.,722310,Food Service Contractors,Charlotte,NC,28202,2012-09-01,2012-10-15,0.0,0,0.0,0,N/A
1705278,Levy,trade_name,in_scope,food_service,LEVY Restaurants LLC,LEVY Restaurants,722211,Limited-Service Restaurants,Bristol,TN,37620,2013-08-21,2013-09-30,0.0,0,0.0,0,N/A
1742256,Levy,trade_name,in_scope,food_service,"Levy Premium Foodservice, LLC.",Levy Restaurants,722310,Food Service Contractors,Dallas,TX,75219,2012-10-15,2014-10-14,3430.4,63,0.0,64,R
1914639,Levy,trade_name,in_scope,food_service,Levy Premium Foodservice LP,Levy Restaurants,722310,Food Service Contractors,Las Vegas,NV,89109,2017-03-13,2020-03-13,0.0,0,0.0,0,N/A
1952529,Levy,name_leading,in_scope,food_service,Levy Premium Foodservice Limited Partnership,The Mecca Sports Bar and Grill,72211,Full-Service Restaurants,Milwaukee,WI,53203,2020-02-21,2021-12-14,1235.01,20,0.0,20,R
1987500,Levy,name_leading,in_scope,food_service,Levy Premium Foodservice Limited Partnership,Levy at Bank of America Stadium,72211,Full-Service Restaurants,CHARLOTTE,NC,28202,2021-11-30,2023-11-29,0.0,0,0.0,0,N/A
1714566,Metz Culinary Management,name_leading,in_scope,food_service,Metz Culinary Management,Gateway Cafe,722110,Full-Service Restaurants,Pittsburgh,PA,15222,2011-12-30,2013-12-20,0.0,0,0.0,0,N/A
1986675,Metz Culinary Management,trade_name,in_scope,food_service,"METZ CULINARY MANAGEMENT, LLC","METZ CULINARY MANAGEMENT, LLC",722310,Food Service Contractors,DALLAS,PA,18612,2021-12-30,2023-12-29,0.0,0,0.0,1,N/A
1338803,Sodexo,trade_name,in_scope,food_service,"Sodexho Management, Inc.",Sodexho Incorporated,72231,Food Service Contractors,Oceanside,CA,92054,2003-02-28,2004-03-08,10809.36,0,0.0,33,N/A
1373139,Sodexo,trade_name,in_scope,food_service,Sodexho,Sodexho,72231,Food Service Contractors,Philadelphia,PA,19122,2004-05-07,2004-07-30,155.2,1,0.0,1,N/A
1385421,Sodexo,distinctive,in_scope,food_service,Universal Sodexho (USA),Universal Sodexho,722320,Caterers,Harahan,LA,70123,2003-01-25,2005-01-22,14135.84,153,0.0,168,N/A
1391821,Sodexo,trade_name,in_scope,food_service,"Sodexho Management, Inc.","Sodexho Management, Inc.",722310,Food Service Contractors,Gaithersburg,MD,20878,2003-05-03,2005-06-09,9777.48,22,0.0,89,N/A
1394960,Sodexo,trade_name,in_scope,food_service,"Sodexho Operations, LLC",Sodexho,722310,Food Service Contractors,Sacramento,CA,95825,2003-02-28,2005-02-28,0.0,0,6930.0,6,N/A
1401981,Sodexo,trade_name,in_scope,food_service,Sodexho,Sodexho,7221,Full-Service Restaurants,New York,NY,10103,2005-02-15,2005-04-15,0.0,0,0.0,0,N/A
1436099,Sodexo,name_leading,in_scope,food_service,Sodexho*,Seamen's Inne,7221,Full-Service Restaurants,Mystic,CT,6355,2004-04-03,2006-04-01,0.0,0,0.0,0,N/A
1442387,Sodexo,trade_name,in_scope,food_service,Sodexho Management Inc.,Sodexho,722310,Food Service Contractors,Oceanside,CA,92054,2004-05-18,2006-05-18,424.44,2,0.0,2,N/A
1462459,Sodexo,trade_name,in_scope,food_service,"Sodextro Marriott, Inc.","Sodexho Marriott, Inc.",72231,Food Service Contractors,Gaithersburg,MD,20878,2006-09-04,2006-09-30,0.0,0,0.0,0,N/A
1463399,Sodexo,trade_name,in_scope,food_service,Sodexho,Sodexho Foods,722212,"Cafeterias, Grill Buffets, and Buffets",Lincoln University,PA,19352,2004-12-12,2006-12-11,0.0,0,0.0,0,N/A
1476870,Sodexo,trade_name,in_scope,food_service,"Sodexho, Inc.",Sodexho,722310,Food Service Contractors,New Kensington,PA,15068,2005-04-09,2007-04-07,2931.4,5,1100.0,5,R
1486095,Sodexo,trade_name,in_scope,food_service,Sodexho America LLC,Sodexho Dining Services,722310,Food Service Contractors,Biddeford,ME,4005,2005-07-20,2007-07-17,0.0,0,0.0,0,N/A
1492414,Sodexo,trade_name,in_scope,food_service,Sodexho,Sodexho,722212,"Cafeterias, Grill Buffets, and Buffets",Montclair,NJ,7043,2007-08-04,2007-10-26,1377.68,1,0.0,1,N/A
1503385,Sodexo,trade_name,in_scope,food_service,"Sodexho, Inc. & Affiliated Companies","Sodexho, Inc. & Affiliated Companies",722212,"Cafeterias, Grill Buffets, and Buffets",Saint Louis,MO,63103,2007-12-27,2008-02-21,904.23,9,0.0,12,N/A
1514667,Sodexo,trade_name,in_scope,food_service,"Sodexho, Inc.","Sodexho, Inc.",722310,Food Service Contractors,Philippi,WV,26416,2006-05-26,2008-05-23,1334.22,8,0.0,9,N/A
1530188,Sodexo,trade_name,in_scope,food_service,Sodexo Inc.,Sodexo,722310,Food Service Contractors,Philadelphia,PA,19122,2008-04-02,2008-11-04,1661.8,1,0.0,1,N/A
1544101,Sodexo,trade_name,in_scope,food_service,Sodexo at Drexel University,"Sodexo Management, Inc",722310,Food Service Contractors,Philadelphia,PA,19104,2007-07-27,2009-07-23,0.0,0,0.0,0,N/A
1546745,Sodexo,trade_name,in_scope,food_service,Sodexo,Sodexho Foods,722310,Food Service Contractors,Lincoln University,PA,19352,2007-08-25,2009-08-24,0.0,0,0.0,0,N/A
1549648,Sodexo,name_leading,in_scope,food_service,"Sodexo, Inc.",WOW Cafe & Wingery,722211,Limited-Service Restaurants,Lancaster,PA,17603,2009-04-06,2009-06-18,2197.42,20,825.0,20,R
1560984,Sodexo,trade_name,in_scope,food_service,"Sodexo Management, Inc.",Sodexo Campus Services at Temple University,722310,Food Service Contractors,Philadelphia,PA,19122,2008-04-02,2010-04-01,0.0,0,0.0,0,N/A
1563149,Sodexo,trade_name,in_scope,food_service,Sodexo Inc.,Sodexo,72231,Food Service Contractors,Chicago,IL,60617,2008-08-09,2009-11-16,0.0,0,0.0,1,N/A
1583953,Sodexo,trade_name,in_scope,food_service,Sodexo,Sodexo,722310,Food Service Contractors,Chicago,IL,60619,2009-03-01,2010-03-01,0.0,0,0.0,0,N/A
1609180,Sodexo,trade_name,in_scope,food_service,Sodexo Operations LLC,Sodexo Dining Service,722320,Caterers,Tulsa,OK,74104,2010-11-03,2011-04-07,0.0,0,0.0,2,N/A
1619863,Sodexo,name_leading,in_scope,food_service,"Sodexo, Inc.",WOW Cafe & Wingery,722110,Full-Service Restaurants,Lancaster,PA,17603,2009-07-26,2011-07-25,0.0,0,0.0,1,N/A
1621943,Sodexo,name_leading,in_scope,food_service,"Sodexo, Inc.",The Wood Company,722212,"Cafeterias, Grill Buffets, and Buffets",Allentown,PA,18102,2011-04-01,2011-06-17,0.0,0,3100.0,2,N/A
1629970,Sodexo,trade_name,in_scope,food_service,"Sodexo Operations, LLC",Sodexo (at Bellarmine University),722212,"Cafeterias, Grill Buffets, and Buffets",Louisville,KY,40205,2009-11-08,2011-11-07,0.0,0,0.0,0,N/A
1657830,Sodexo,trade_name,in_scope,food_service,"Sodexo, Inc",Sodexo food Service at Sacred heart Hospital,72231,Food Service Contractors,Allentown,PA,18106,2011-08-01,2012-06-30,0.0,0,0.0,1,N/A
1667698,Sodexo,trade_name,in_scope,food_service,"Sodexo America, LLC",Sodexo Services,722212,"Cafeterias, Grill Buffets, and Buffets",Chicago,IL,60617,2012-01-07,2012-11-05,0.0,0,0.0,0,N/A
1709739,Sodexo,trade_name,in_scope,food_service,Sodexo (Tech Medical Center of USC Hospital),Sodexo (Tech Medical Center of USC Hospital),722310,Food Service Contractors,Los Angeles,CA,90033,2013-06-22,2013-11-18,6153.27,1,0.0,1,N/A
1717518,Sodexo,trade_name,in_scope,food_service,"Sodexo Management, Inc.",Sodexo International at Fordham University,722310,Food Service Contractors,Bronx,NY,10458,2013-05-01,2013-10-01,0.0,0,0.0,0,N/A
1719536,Sodexo,trade_name,in_scope,food_service,"Sodexo, Inc","Sodexo, Inc.",722310,Food Service Contractors,Atlanta,GA,30318,2012-02-17,2014-02-18,0.0,0,0.0,0,N/A
1724191,Sodexo,trade_name,in_scope,food_service,Sodexho Heath Care Services West LLC,Sodexho Health Services,722310,Food Service Contractors,Traverse City,MI,49684,2012-09-01,2014-05-30,0.0,0,0.0,0,N/A
1729138,Sodexo,trade_name,in_scope,food_service,"SODEXO, INC","SODEXO, INC",7223,Special Food Services,La Mesa,CA,91942,2012-06-26,2014-06-26,0.0,0,0.0,0,N/A
1743433,Sodexo,trade_name,in_scope,food_service,"Sodexo, Inc.","Sodexo Operations, LLC",722212,"Cafeterias, Grill Buffets, and Buffets",Gaithersburg,MD,20878,2014-02-01,2014-09-30,403.43,1,0.0,2,N/A
1743495,Sodexo,trade_name,in_scope,food_service,"SDH Services West, LLC",Sodexo Inc. & Affiliates,722212,"Cafeterias, Grill Buffets, and Buffets",Albuquerque,NM,87185,2012-11-15,2014-11-14,0.0,0,0.0,1,N/A
1746521,Sodexo,trade_name,in_scope,food_service,Sodexo Campus Services,Sodexo at Marist College,722310,Food Service Contractors,Poughkeepsie,NY,12601,2012-10-25,2014-10-24,0.0,0,0.0,2,N/A
1748342,Sodexo,trade_name,in_scope,food_service,"SDH Services East, LLC.",Sodexo,722310,Food Service Contractors,Little Rock,AR,72205,2013-03-23,2015-03-14,0.0,0,0.0,1,N/A
1749631,Sodexo,trade_name,in_scope,food_service,Sodexo Management Inc,Sodexo,722310,Food Service Contractors,Gaithersburg,MD,20878,2013-11-28,2017-05-17,164678.38,57,0.0,146,N/A
1754480,Sodexo,trade_name,in_scope,food_service,"SDH Education East, LLC",Sodexo,722213,Snack and Nonalcoholic Beverage Bars,Pittsburgh,PA,15213,2013-03-15,2015-03-05,576.12,1,0.0,1,R
1827721,Sodexo,trade_name,in_scope,food_service,Sodexo Managment Inc.,Sodexo,722310,Food Service Contractors,Gaithersburg,MD,20878,2016-07-01,2018-06-28,19929.75,26,0.0,52,N/A
1864011,Sodexo,trade_name,in_scope,food_service,Sodexo Management Inc.,"SODEXO, Inc.",722310,Food Service Contractors,Gaithersburg,MD,20878,2016-11-10,2018-11-22,26372.85,15,0.0,17,N/A
1872724,Sodexo,trade_name,in_scope,food_service,Sodexo Management Inc.,Sodexo (DOI Contract),722310,Food Service Contractors,Gaithersburg,MD,20878,2017-03-23,2019-03-21,36303.22,12,0.0,15,N/A
1882323,Sodexo,trade_name,in_scope,food_service,Sodexo Management Inc.,Sodexo,72231,Food Service Contractors,Gaithersburg,MD,20878,2017-05-23,2019-05-23,48006.09,19,0.0,33,N/A
1888926,Sodexo,trade_name,in_scope,food_service,Sodexo Management Inc.,Sodexo,72231,Food Service Contractors,Gaithersburg,MD,20878,2017-05-23,2019-05-23,21246.99,92,0.0,122,N/A
1889019,Sodexo,trade_name,in_scope,food_service,Sodexo Management Inc.,Sodexo,722310,Food Service Contractors,Gaithersburg,MD,20878,2017-05-23,2019-05-23,18462.71,76,0.0,117,N/A
1889020,Sodexo,trade_name,in_scope,food_service,Sodexo Management Inc,Sodexo,722310,Food Service Contractors,Gaithersburg,MD,20878,2017-05-23,2019-05-23,11040.63,8,0.0,11,N/A
1889022,Sodexo,trade_name,in_scope,food_service,Sodexo Management Inc.,Sodexo,722310,Food Service Contractors,Gaithersburg,MD,20878,2017-05-23,2019-05-23,116572.69,27,0.0,48,N/A
1896916,Sodexo,trade_name,in_scope,food_service,Sodexo Management Inc.,Sodexo,72231,Food Service Contractors,Fort Leonard Wood,MO,65473,2018-01-24,2020-01-23,0.0,0,0.0,0,N/A
1903559,Sodexo,trade_name,in_scope,food_service,"SodexoMagic, LLC","SodexoMagic, LLC",722310,Food Service Contractors,East Rutherford,NJ,7073,2018-03-11,2020-03-10,3893.89,6,0.0,17,N/A
1909778,Sodexo,trade_name,in_scope,food_service,Sodexo Inc,Sodexo Inc.,722310,Food Service Contractors,Gaithersburg,MD,20878,2017-08-31,2019-08-29,44249.09,6,0.0,12,N/A
1912676,Sodexo,trade_name,in_scope,food_service,Sodexo Federal Services Inc.,Sodexo,722310,Food Service Contractors,Gaithersburg,MD,20878,2017-08-31,2019-08-29,95196.65,98,0.0,139,N/A
1917137,Sodexo,trade_name,in_scope,food_service,Sodexo,Sodexo,722310,Food Service Contractors,Gaithersburg,MD,20878,2018-01-04,2019-12-26,60310.35,30,0.0,97,N/A
1934115,Sodexo,trade_name,in_scope,food_service,Sodexo  Management Inc,Sodexo,722310,Food Service Contractors,Gaithersburg,MD,20878,2018-11-15,2020-07-02,58507.01,21,0.0,35,N/A
1944952,Sodexo,trade_name,in_scope,food_service,"Sodexo America, LLC","Sodexo America, LLC",722310,Food Service Contractors,Omaha,NE,68178,2019-08-13,2021-08-13,0.0,0,0.0,0,N/A
1962571,Sodexo,trade_name,in_scope,food_service,"Sodexo Management, Inc.",Sodexo,722310,Food Service Contractors,Gaithersburg,MD,20878,2021-04-01,2022-04-21,1044.27,10,0.0,19,N/A
1962638,Sodexo,trade_name,in_scope,food_service,Sodexo Management Inc,Sodexo,722310,Food Service Contractors,Eglin AFB,FL,32542,2020-10-01,2022-06-29,0.0,0,0.0,0,N/A
1976985,Sodexo,trade_name,in_scope,food_service,"Sodexo Management, Inc.","Sodexo Management, Inc.",722310,Food Service Contractors,HAVELOCK,NC,28532,2021-02-10,2023-02-09,14690.86,26,0.0,26,N/A
1986641,Sodexo,trade_name,in_scope,food_service,"Sodexo, Inc.",Sodexo Live!,722310,Food Service Contractors,MIAMI GARDENS,FL,33056,2022-01-24,2024-01-23,0.0,0,0.0,1,N/A
1988952,Sodexo,trade_name,in_scope,food_service,"Sodexo Operations, LLC",Sodexo,722310,Food Service Contractors,AUSTIN,TX,78712,2022-08-13,2024-08-12,0.0,0,0.0,0,N/A
1426109,Thompson Hospitality,trade_name,in_scope,food_service,Thompson Hospitality Corporation,Thompson Hospitality,722212,"Cafeterias, Grill Buffets, and Buffets",Wilberforce,OH,45384,2005-10-19,2006-03-17,0.0,0,0.0,0,N/A
1813378,Thompson Hospitality,trade_name,in_scope,food_service,"Thompson Hospitality Services, LLC","Thompson Hospitality Services, LLC",722212,"Cafeterias, Grill Buffets, and Buffets",Reston,VA,20190,2015-02-09,2017-02-06,111045.47,9,0.0,14,N/A
1820414,Thompson Hospitality,trade_name,in_scope,food_service,"Thompson Hospitality Services, LLC",Thompson Hospitality Services,7223,Special Food Services,Nashville,TN,37208,2015-06-14,2017-06-11,3901.94,2,0.0,2,R
1822232,Thompson Hospitality,trade_name,in_scope,food_service,"Thompson Hospitality Services, LLC",Thompson Hospitality Services,7222,Limited-Service Eating Places,Tuskegee Institute,AL,36088,2015-07-11,2017-07-08,0.0,0,0.0,0,N/A
1822483,Thompson Hospitality,trade_name,in_scope,food_service,"Thompson Hospitality Services, LLC",Thompson Hospitality Services,72231,Food Service Contractors,Jacksonville,FL,32209,2015-10-25,2017-10-24,0.0,0,0.0,0,N/A
1840389,Thompson Hospitality,trade_name,in_scope,food_service,"Thompson Hospitality Services, Inc.",Thompson Hospitality Svs/Tougaloo College,722310,Food Service Contractors,Tougaloo,MS,39174,2016-04-26,2018-04-22,0.0,0,0.0,1,N/A
1988771,Whitsons Culinary Group,trade_name,in_scope,food_service,"Whitsons Food, LLC",Whitsons Culinary Group,722110,Full-Service Restaurants,MOBILE,AL,36693,2022-03-05,2024-03-02,1891.69,3,0.0,8,N/A
9499,,no_match,rejected_not_an_operator,other_line_of_business,"American Service Systems, Inc.",American Handicap Transport Services,48531,Taxi Service,Phoenix,AZ,85034,1994-08-15,1997-09-29,74716.91,98,0.0,99,N/A
1059451,,no_match,rejected_not_an_operator,other_line_of_business,"Washington Group International, Inc.",Morrison Knudsen Corp.,54133,Engineering Services,St. Louis,MO,63102,1999-07-02,2001-07-02,0.0,0,0.0,15,N/A
1107222,,no_match,rejected_not_an_operator,other_line_of_business,Levy Advertising Enterprises Inc.,Levy Advertising Enterprises,31529,Other Cut and Sew Apparel Manufacturing,Miami,FL,33122,1999-01-01,2000-11-29,25671.28,55,0.0,89,W
1159571,,no_match,rejected_not_an_operator,other_line_of_business,Compass Services INC.,Compass Services Inc.,2361,Residential Building Construction,Houston,TX,77041,1999-09-06,2001-09-12,57903.05,42,0.0,42,N/A
1271182,,no_match,rejected_not_an_operator,other_line_of_business,"Lorico Transport Service, Inc.",Lorico Transport Service,484121,"General Freight Trucking, Long-Distance, Truckload",Salinas,CA,93905,2001-07-28,2003-08-02,70043.22,33,0.0,61,N/A
1289991,,no_match,rejected_not_an_operator,food_service,"Legends of Pulaski, Inc",Legends of Pulaski,72211,Full-Service Restaurants,Pulaski,TN,38478,2003-05-25,2005-05-15,0.0,0,0.0,101,R
1307615,,no_match,rejected_not_an_operator,food_service,"Compass USA, Inc.",Canteen,72231,Food Service Contractors,Charlotte,NC,28217,2003-02-14,2004-12-01,90596.05,12,0.0,34,N/A
1320693,,no_match,rejected_not_an_operator,other_line_of_business,"Encompass Teleservices, Inc",Encompass,56142,Telephone Call Centers,Las Vegas,NV,89109,2002-11-04,2004-11-03,0.0,0,0.0,0,N/A
1327383,,no_match,rejected_not_an_operator,food_service,Martha's Restaurant Associates,Martha's Restaurant,72211,Full-Service Restaurants,Hollywood,FL,33019,2002-01-14,2004-01-14,12766.35,30,0.0,32,N/A
1332301,,no_match,rejected_not_an_operator,other_line_of_business,"Helicopter Transport Services, Inc.","Helicopter Transport Services, Inc.",92216,Fire Protection,Corvallis,OR,97333,2003-01-01,2005-11-04,96329.64,56,0.0,106,N/A
1350197,,no_match,rejected_not_an_operator,other_line_of_business,"Foodarama Supermarkets, Inc. & Subsidiaries",Shop Rite Supermarket - Hazlet,44511,Supermarkets and Other Grocery (except Convenience) Stores,Hazlet,NJ,7730,2002-03-01,2004-02-28,0.0,0,59070.0,28,N/A
1350200,,no_match,rejected_not_an_operator,other_line_of_business,"Foodarama Supermarkers, Inc. & Subsidiaries",Shop Rite Supermarket - W. Long Branch,44511,Supermarkets and Other Grocery (except Convenience) Stores,West Long Branch,NJ,7764,2002-03-01,2004-02-28,0.0,0,38500.0,22,N/A
1352258,,no_match,rejected_not_an_operator,other_line_of_business,"Contract Transport Services, Inc.",Contract Transport Services,485991,Special Needs Transportation,Independence,OH,44131,2002-06-08,2004-05-16,6456.6,12,0.0,12,N/A
1353897,,no_match,rejected_not_an_operator,other_line_of_business,"Foodarama Supermarkets, Inc. and Subsidiaries",Shop Rite Supermarket - Aberdeen,44511,Supermarkets and Other Grocery (except Convenience) Stores,Aberdeen,NJ,7747,2003-01-18,2004-03-31,0.0,0,3630.0,2,N/A
1353899,,no_match,rejected_not_an_operator,other_line_of_business,"Foodarama Supermarkets, Inc,. & Subsidiaries",Shop Rite Supermarket - Middletown,44511,Supermarkets and Other Grocery (except Convenience) Stores,Middletown,NJ,7748,2002-04-01,2004-03-31,0.0,0,76450.0,33,N/A
1353939,,no_match,rejected_not_an_operator,other_line_of_business,Foodarama Supermarkets Inc. & Subsidiaries,Shop Rite Supermarket - Wall Township,44511,Supermarkets and Other Grocery (except Convenience) Stores,Manasquan,NJ,8736,2002-04-01,2004-03-31,0.0,0,103400.0,48,N/A
1355103,,no_match,rejected_not_an_operator,other_line_of_business,"Foodarama Supermarkets, Inc. & Subsidiaries",Shop Rite Supermarket - Freehold,44511,Supermarkets and Other Grocery (except Convenience) Stores,Freehold,NJ,7728,2002-06-23,2004-03-31,0.0,0,22110.0,9,N/A
1360617,,no_match,rejected_not_an_operator,other_line_of_business,Compassionate Care Corporation,Lonetree Compassionate Care Center,62311,Nursing Care Facilities,Meade,KS,67864,2002-08-18,2004-08-14,202.79,5,0.0,5,N/A
1367190,,no_match,rejected_not_an_operator,other_line_of_business,Compass USA Group,Bateman Senior Meals,62421,Community Food Services,Greensboro,NC,27407,2002-08-28,2004-08-25,4703.46,5,0.0,5,N/A
1369512,,no_match,rejected_not_an_operator,other_line_of_business,"Spectra Quest, Inc.",Spectra Quest,33271,Machine Shops,Richmond,VA,23228,2003-09-29,2004-08-01,5906.0,1,0.0,2,N/A
1369683,,no_match,rejected_not_an_operator,other_line_of_business,"Encompass Teleservices, Inc.","Encompass Teleservices, Inc.",51791,Other Telecommunications,Beaverton,OR,97007,2002-11-04,2004-11-03,0.0,0,0.0,0,N/A
1369742,,no_match,rejected_not_an_operator,other_line_of_business,"Compass-Minnesota, Inc.",Compass-Minnesota Incorporated,62321,Residential Mental Retardation Facilities,Burnsville,MN,55337,2003-03-15,2004-07-01,4447.09,18,0.0,18,N/A
1372529,,no_match,rejected_not_an_operator,other_line_of_business,"McNutt Auto Transport Service, Inc.",McNutt Auto Transport Service,48849,Other Support Activities for Road Transportation,Lowry City,MO,64763,2002-09-22,2004-09-18,4910.25,13,3641.0,16,R
1373222,,no_match,rejected_not_an_operator,other_line_of_business,"Kare Medical Transport Services, Ltd.",Kare Medical Transport Services,62191,Ambulance Services,Marysville,OH,43040,2003-01-01,2004-10-06,0.0,0,0.0,0,N/A
1373622,,no_match,rejected_not_an_operator,other_line_of_business,"Foodarama Supermarkets, Inc. and Subsidiaries",Shop Rite Supermarket - Belmar,44511,Supermarkets and Other Grocery (except Convenience) Stores,Belmar,NJ,7719,2003-01-23,2004-05-01,0.0,0,3630.0,2,N/A
1373745,,no_match,rejected_not_an_operator,other_line_of_business,"Foodarama Supermarkets, Inc. and Subsidiaries",Shop Rite Supermarket - Lakewood,44511,Supermarkets and Other Grocery (except Convenience) Stores,Lakewood,NJ,8701,2002-07-06,2004-05-31,0.0,0,22440.0,11,N/A
1373783,,no_match,rejected_not_an_operator,other_line_of_business,"Foodarama Supermarkets, Inc. and Subsidiaries",Shop Rite Supermarket - Brick,44511,Supermarkets and Other Grocery (except Convenience) Stores,Brick,NJ,8723,2002-06-01,2004-05-31,0.0,0,24750.0,10,N/A
1373794,,no_match,rejected_not_an_operator,other_line_of_business,"Foodarama Supermarkets, Inc. and Subsidiaries",Shop Rite Supermarket - Neptune,44511,Supermarkets and Other Grocery (except Convenience) Stores,Neptune,NJ,7753,2002-05-21,2004-04-30,0.0,0,40590.0,20,N/A
1373811,,no_match,rejected_not_an_operator,other_line_of_business,"Foodarama Supermarkets, Inc. & Subsidiaries",Shop Rite Supermarket - Marlboro,44511,Supermarkets and Other Grocery (except Convenience) Stores,Morganville,NJ,7751,2002-04-01,2004-03-31,0.0,0,35310.0,26,N/A
1374154,,no_match,rejected_not_an_operator,other_line_of_business,"Spectragem, Inc.",Spectragem,42394,"Jewelry, Watch, Precious Stone, and Precious Metal Merchant Wholesalers",Norcross,GA,30093,2002-11-03,2004-10-31,9073.48,11,0.0,11,N/A
1374953,,no_match,rejected_not_an_operator,other_line_of_business,"Metz Builders, Inc.","Metz Builders, Inc.",236115,New Single-Family Housing Construction (except Operative Builders),Duncansville,PA,16635,2002-10-05,2004-09-25,0.0,0,5280.0,2,N/A
1378256,,no_match,rejected_not_an_operator,other_line_of_business,Compass Bank,Compass Bank-Madison Square,52211,Commercial Banking,Huntsville,AL,35806,2003-09-06,2005-08-27,2413.09,9,0.0,13,N/A
1385269,,no_match,rejected_not_an_operator,other_line_of_business,Metzeler Automotive Profile Systems,Metzeler Automotive Profile Systems,33636,Motor Vehicle Seating and Interior Trim Manufacturing,Keokuk,IA,52632,2004-07-22,2004-12-08,0.0,0,0.0,1,N/A
1385476,,no_match,rejected_not_an_operator,adjacent,,Aaramark,561720,Janitorial Services,Bartlesville,OK,74003,2002-12-01,2004-12-01,0.0,0,0.0,0,N/A
1387966,,no_match,rejected_not_an_operator,other_line_of_business,Compass Bank,Compass Bank-Valleydale Rd,52211,Commercial Banking,Birmingham,AL,35244,2003-09-06,2005-08-27,2891.45,10,0.0,15,N/A
1387968,,no_match,rejected_not_an_operator,other_line_of_business,Compass Bank,Compass Bank-Wildwood,52211,Commercial Banking,Birmingham,AL,35209,2003-09-06,2005-08-27,2839.44,5,0.0,10,N/A
1387973,,no_match,rejected_not_an_operator,other_line_of_business,Compass Bank,Compass Bank - Pelham,52211,Commercial Banking,Pelham,AL,35124,2003-09-06,2005-08-27,4127.35,15,0.0,21,N/A
1387981,,no_match,rejected_not_an_operator,other_line_of_business,Compass Bank,Compass Bank - Trussville,52211,Commercial Banking,Birmingham,AL,35235,2003-09-06,2005-08-27,4401.38,15,0.0,23,N/A
1387983,,no_match,rejected_not_an_operator,other_line_of_business,Compass Bank,Compass Bank - Brookwood,52211,Commercial Banking,Birmingham,AL,35209,2003-09-06,2005-08-27,3450.58,16,0.0,27,N/A
1387986,,no_match,rejected_not_an_operator,other_line_of_business,Compass Bank,Compass Bank - Northport,52211,Commercial Banking,Northport,AL,35476,2003-09-06,2005-08-27,2135.88,5,0.0,8,N/A
1387988,,no_match,rejected_not_an_operator,other_line_of_business,Compass Bank,Compass Bank - Governors Dr.,52211,Commercial Banking,Huntsville,AL,35801,2003-09-06,2005-08-27,4820.01,14,0.0,21,N/A
1387993,,no_match,rejected_not_an_operator,other_line_of_business,Compass Bank,Compass Bank - Northwest,52211,Commercial Banking,Huntsville,AL,35816,2003-09-06,2005-08-27,2915.43,4,0.0,11,N/A
1387996,,no_match,rejected_not_an_operator,other_line_of_business,Compass Bank,Compass Bank- Jordan Lane,52211,Commercial Banking,Huntsville,AL,35816,2003-09-06,2005-08-27,3239.76,7,0.0,12,N/A
1387998,,no_match,rejected_not_an_operator,other_line_of_business,Compass Bank,Compass Bank - Whitesburg,52211,Commercial Banking,Huntsville,AL,35802,2003-09-06,2005-08-27,1788.09,10,0.0,13,N/A
1388000,,no_match,rejected_not_an_operator,other_line_of_business,Compass Bank,Compass Bank - Haysland Square,52211,Commercial Banking,Huntsville,AL,35802,2003-09-06,2005-08-27,2549.31,7,0.0,14,N/A
1389340,,no_match,rejected_not_an_operator,other_line_of_business,Compass Bank,Compass Bank - Center Point,52211,Commercial Banking,Birmingham,AL,35215,2003-09-06,2005-08-27,1959.59,5,0.0,11,N/A
1389343,,no_match,rejected_not_an_operator,other_line_of_business,Compass Bank,Compass Bank - Liberty Park,52211,Commercial Banking,Birmingham,AL,35242,2003-09-06,2005-08-27,2235.2,6,0.0,10,N/A
1389345,,no_match,rejected_not_an_operator,other_line_of_business,Compass Bank,Compass Bank - Eastwood Mall,52211,Commercial Banking,Birmingham,AL,35210,2003-09-06,2005-08-27,3974.02,15,0.0,23,N/A
1389347,,no_match,rejected_not_an_operator,other_line_of_business,Compass Bank,Compass Bank - 31 & Valleydale,52211,Commercial Banking,Pelham,AL,35214,2003-09-06,2005-08-27,2082.72,8,0.0,11,N/A
1391910,,no_match,rejected_not_an_operator,other_line_of_business,Compass Bank,Compass Bank - Riverchase,52211,Commercial Banking,Birmingham,AL,35244,2003-09-06,2005-08-27,4294.84,16,0.0,23,N/A
1394672,,no_match,rejected_not_an_operator,other_line_of_business,Wiregrass Mental Health,SpectraCare,09690,Local Group Homes for Mentally and Physically Handicapped,Dothan,AL,36302,2003-05-04,2005-04-24,43454.75,69,0.0,79,N/A
1394882,,no_match,rejected_not_an_operator,other_line_of_business,"Natalie A. Horn, DDS, PC",Compassionate Dentistry,621210,Offices of Dentists,Dundee,MI,48131,2003-07-01,2005-02-27,2591.61,9,0.0,9,N/A
1395219,,no_match,rejected_not_an_operator,food_service,,Bon Appetit,7221,Full-Service Restaurants,Flushing,NY,11354,2004-12-01,2005-11-01,0.0,0,0.0,1,N/A
1395726,,no_match,rejected_not_an_operator,food_service,"Rogers Entertainment, LTD",Legends American Grill,722110,Full-Service Restaurants,Des Moines,IA,50327,2003-04-02,2005-04-01,0.0,0,0.0,0,N/A
1396672,,no_match,rejected_not_an_operator,food_service,Morrison's Countryside Buffet III Inc,Morrison's Countryside Buffet (Bville),722110,Full-Service Restaurants,Brooksville,FL,34601,2005-01-28,2005-04-26,15378.02,40,0.0,48,N/A
1396886,,no_match,rejected_not_an_operator,food_service,"Noelevy, Inc.",El Paso Mexican Restaurant,722211,Limited-Service Restaurants,Marion,NC,28752,2004-06-05,2005-05-14,619.78,4,0.0,6,N/A
1398552,,no_match,rejected_not_an_operator,other_line_of_business,Sports Legends,Sports Legends,452990,All Other General Merchandise Stores,Indianapolis,IN,46203,2003-12-15,2005-01-05,707.5,1,0.0,1,N/A
1400055,,no_match,rejected_not_an_operator,other_line_of_business,"Total Compassionate Care, Inc.",Americare Professionals,621610,Home Health Care Services,Beaumont,TX,77701,2003-05-07,2005-05-04,7480.76,14,3080.0,15,R
1401072,,no_match,rejected_not_an_operator,food_service,Morrison Countryside Buffet II Inc,Morrison Countryside Buffet (Zhills),722110,Full-Service Restaurants,Zephyrhills,FL,33541,2004-08-07,2005-04-26,43748.29,64,0.0,74,N/A
1406048,,no_match,rejected_not_an_operator,food_service,"Legends of Shelbyville, Inc.",Legends of Shelbyville,72211,Full-Service Restaurants,Shelbyville,TN,37160,2003-05-25,2005-05-15,0.0,0,0.0,171,R
1406212,,no_match,rejected_not_an_operator,other_line_of_business,"Legends, Inc.",Legends Furniture,337121,Upholstered Household Furniture Manufacturing,Tupelo,MS,38801,2003-05-11,2005-05-11,5059.8,49,0.0,50,N/A
1407246,,no_match,rejected_not_an_operator,other_line_of_business,Compass/Ascella,Compass/Ascella Mortgage,52231,Mortgage and Nonmortgage Loan Brokers,Manchester,CT,6040,2004-03-01,2005-07-31,32720.76,9,0.0,14,N/A
1407806,,no_match,rejected_not_an_operator,food_service,"Chef Lalanne, LLC",Canteen Bar & Grille,7221,Full-Service Restaurants,North Platte,NE,69101,2003-06-16,2005-06-15,0.0,0,0.0,2,N/A
1409633,,no_match,rejected_not_an_operator,other_line_of_business,"Legends, LLC",Legends,42392,Toy and Hobby Goods and Supplies Merchant Wholesalers,Rochester,NY,14606,2003-07-30,2005-07-29,18173.81,17,0.0,17,N/A
1411987,,no_match,rejected_not_an_operator,other_line_of_business,"Total Compassionate Care, Inc.",Americare Professionals,621610,Home Health Care Services,Orange,TX,77630,2005-05-15,2005-06-15,325125.17,674,0.0,674,N/A
1416113,,no_match,rejected_not_an_operator,other_line_of_business,Compass Bank,Compass Bank- Decatur Beltline,52211,Commercial Banking,Decatur,AL,35601,2003-09-06,2005-08-27,4554.73,12,0.0,20,N/A
1416127,,no_match,rejected_not_an_operator,other_line_of_business,Compass Bank,Compass Bank - UAB,52211,Commercial Banking,Birmingham,AL,35233,2003-09-06,2005-08-27,3719.98,13,0.0,20,N/A
1416138,,no_match,rejected_not_an_operator,other_line_of_business,Compass Bank,Compass Bank - Fort Payne Main,52211,Commercial Banking,Fort Payne,AL,35967,2003-09-06,2005-08-27,2700.79,8,0.0,13,N/A
1416141,,no_match,rejected_not_an_operator,other_line_of_business,Compass Bank,Compass Bank - Albertville,52211,Commercial Banking,Albertville,AL,35950,2003-09-06,2005-08-27,3134.0,8,0.0,17,N/A
1416148,,no_match,rejected_not_an_operator,other_line_of_business,Compass Bank,Compass Bank - Gadsden Main,52211,Commercial Banking,Gadsden,AL,35901,2003-09-06,2005-08-27,4459.87,14,0.0,19,N/A
1416159,,no_match,rejected_not_an_operator,other_line_of_business,Compass Bank,Compass Bank- Oxford,52211,Commercial Banking,Oxford,AL,36203,2003-09-06,2005-08-27,5104.86,13,0.0,25,N/A
1416252,,no_match,rejected_not_an_operator,other_line_of_business,Compass Bank,Compass Bank- Westgate,52211,Commercial Banking,Birmingham,AL,35204,2003-09-06,2005-08-27,3591.0,8,0.0,14,N/A
1416339,,no_match,rejected_not_an_operator,other_line_of_business,Compass Bank,Compass Bank- Roebuck,52211,Commercial Banking,Birmingham,AL,35206,2003-09-06,2005-08-27,4555.29,9,0.0,16,N/A
1416340,,no_match,rejected_not_an_operator,other_line_of_business,Compass Bank,Compass Bank- Inverness,52211,Commercial Banking,Birmingham,AL,35242,2003-09-06,2005-08-27,3448.22,11,0.0,17,N/A
1416341,,no_match,rejected_not_an_operator,other_line_of_business,Compass Bank,Compass Bank- Midtown,52211,Commercial Banking,Birmingham,AL,35233,2003-09-06,2005-08-27,3114.22,7,0.0,12,N/A
1416343,,no_match,rejected_not_an_operator,other_line_of_business,Compass Bank,Compass Bank- Scottsboro,52211,Commercial Banking,Scottsboro,AL,35768,2003-09-06,2005-08-27,2773.58,5,0.0,9,N/A
1416760,,no_match,rejected_not_an_operator,other_line_of_business,Care Compassion Communication LLC,"Care Compassion Communication, LLC",8134,Civic and Social Organizations,Twin Falls,ID,83301,2004-04-01,2005-11-30,0.0,0,0.0,0,N/A
1416816,,no_match,rejected_not_an_operator,other_line_of_business,Compass Bank,Compass Bank- Bham Financial Center,52211,Commercial Banking,Birmingham,AL,35203,2003-09-06,2005-08-27,1088.88,3,0.0,9,N/A
1417014,,no_match,rejected_not_an_operator,other_line_of_business,Compass Bank,Compass Bank - Hoover,52211,Commercial Banking,Birmingham,AL,35216,2003-09-06,2005-08-27,1497.11,9,0.0,14,N/A
1417019,,no_match,rejected_not_an_operator,other_line_of_business,Compass Bank,Compass Bank - Greensprings,52211,Commercial Banking,Homewood,AL,35209,2003-09-06,2005-08-27,2256.69,8,0.0,13,N/A
1417022,,no_match,rejected_not_an_operator,other_line_of_business,Compass Bank,Compass Bank - Cahaba Heights,52211,Commercial Banking,Birmingham,AL,35243,2003-09-06,2005-08-27,2097.68,5,0.0,11,N/A
1417024,,no_match,rejected_not_an_operator,other_line_of_business,Compass Bank,Compass Bank - Crestline,52211,Commercial Banking,Birmingham,AL,35213,2003-09-06,2005-08-27,2201.48,10,0.0,12,N/A
1417079,,no_match,rejected_not_an_operator,other_line_of_business,Lawson Charles Richter MD LTD,Compassionate Care for Women,6211,Offices of Physicians,Las Vegas,NV,89106,2004-03-12,2005-06-30,8917.67,12,0.0,12,N/A
1418036,,no_match,rejected_not_an_operator,other_line_of_business,"A&E Transport Services, Inc.","A&E Transport Services, Inc",4854,School and Employee Bus Transportation,Oswego,NY,13126,2003-12-21,2005-12-19,5505.28,1,220.0,2,R
1419003,,no_match,rejected_not_an_operator,other_line_of_business,Compass Educational Holdings,Decker College,611519,Other Technical and Trade Schools,Louisville,KY,40223,2005-08-14,2005-09-10,0.0,0,0.0,479,N/A
1422624,,no_match,rejected_not_an_operator,other_line_of_business,Compass Bank,Compass Bank- University,52211,Commercial Banking,Tuscaloosa,AL,35401,2003-09-06,2005-08-27,2027.25,4,0.0,10,N/A
1422625,,no_match,rejected_not_an_operator,other_line_of_business,Compass Bank,Compass Bank- Muscle Shoals,52211,Commercial Banking,Muscle Shoals,AL,35661,2003-09-06,2005-08-27,3261.29,7,0.0,21,N/A
1422628,,no_match,rejected_not_an_operator,other_line_of_business,Compass Bank,Compass Bank- Jasper,52211,Commercial Banking,Jasper,AL,35501,2003-09-06,2005-08-27,2813.98,5,0.0,14,N/A
1422630,,no_match,rejected_not_an_operator,other_line_of_business,Compass Bank,Compass Bank- McFarland,52211,Commercial Banking,Tuscaloosa,AL,35404,2003-09-06,2005-08-27,2958.12,11,0.0,18,N/A
1422631,,no_match,rejected_not_an_operator,other_line_of_business,Compass Bank,Compass Bank- Athens East,52211,Commercial Banking,Athens,AL,35611,2003-09-06,2005-08-27,1437.1,2,0.0,9,N/A
1422633,,no_match,rejected_not_an_operator,other_line_of_business,Compass Bank,Compass Bank- Decatur Southside,52211,Commercial Banking,Decatur,AL,35601,2003-09-06,2005-08-27,1230.79,8,0.0,9,N/A
1422641,,no_match,rejected_not_an_operator,other_line_of_business,Compass Bank,Compass Bank- Cullman Downtown,52211,Commercial Banking,Cullman,AL,35055,2003-09-06,2005-08-27,1344.97,6,0.0,11,N/A
1422643,,no_match,rejected_not_an_operator,other_line_of_business,Compass Bank,Compass Bank- Florence Main,52211,Commercial Banking,Florence,AL,35630,2003-09-06,2005-08-27,2980.83,6,0.0,11,N/A
1422644,,no_match,rejected_not_an_operator,other_line_of_business,Compass Bank,Compass Bank- Athens Main,52211,Commercial Banking,Athens,AL,35611,2003-09-06,2005-08-27,2926.91,7,0.0,16,N/A
1422645,,no_match,rejected_not_an_operator,other_line_of_business,Compass Bank,Compass Bank- Sullivan Street,52211,Commercial Banking,Madison,AL,35758,2003-09-06,2005-08-27,2174.05,7,0.0,8,N/A
1422646,,no_match,rejected_not_an_operator,other_line_of_business,Compass Bank,Compass Bank- Decatur Main,52211,Commercial Banking,Decatur,AL,35601,2003-09-06,2005-08-27,4458.91,9,0.0,14,N/A
1422647,,no_match,rejected_not_an_operator,other_line_of_business,Compass Bank,Compass Bank- Anniston,52211,Commercial Banking,Anniston,AL,36201,2003-09-06,2005-08-27,1779.81,6,0.0,13,N/A
1422648,,no_match,rejected_not_an_operator,other_line_of_business,Compass Bank,Compass Bank- Jacksonville,52211,Commercial Banking,Jacksonville,AL,36265,2003-09-06,2005-08-27,2758.4,4,0.0,13,N/A
1422649,,no_match,rejected_not_an_operator,other_line_of_business,Compass Bank,Compass Bank- Midfair,52211,Commercial Banking,Fairfield,AL,35064,2003-09-06,2005-08-27,3995.6,8,0.0,20,N/A
1422675,,no_match,rejected_not_an_operator,food_service,Rogers Entertainment LTD,Legends American Grille,72211,Full-Service Restaurants,West Des Moines,IA,50266,2003-10-31,2005-10-30,0.0,0,0.0,1,N/A
1423280,,no_match,rejected_not_an_operator,other_line_of_business,"Compassion Psychocultural Center, LLC",Compassion Psychocultural Center,621112,"Offices of Physicians, Mental Health Specialists",Albany,GA,31701,2005-04-11,2005-11-01,0.0,0,0.0,0,N/A
1424604,,no_match,rejected_not_an_operator,other_line_of_business,Metz Christman,Metz Christman,491110,Postal Service,Ladysmith,WI,54848,2003-12-01,2006-06-03,3323.95,1,0.0,2,N/A
1426157,,no_match,rejected_not_an_operator,other_line_of_business,"Compass Electrical Technology, Inc",Compass Electrical Technology,23821,Electrical Contractors and Other Wiring Installation Contractors,Lorton,VA,22079,2005-10-15,2005-10-21,397.5,1,0.0,2,N/A
1426823,,no_match,rejected_not_an_operator,other_line_of_business,Spectrasource Corporation,Spectra Source Corp,444190,Other Building Material Dealers,Houston,TX,77082,2004-06-01,2006-05-31,20694.15,56,0.0,56,N/A
1427686,,no_match,rejected_not_an_operator,food_service,"Morrison's Countryside Buffet, Inc.",Morrison's Countryside Buffet,722110,Full-Service Restaurants,Zephyrhills,FL,33542,2005-03-09,2005-12-08,506.35,7,0.0,7,N/A
1428172,,no_match,rejected_not_an_operator,other_line_of_business,Compass Bank,Compass Bank-Forest Hills,52211,Commercial Banking,Montgomery,AL,36109,2003-09-06,2005-08-27,2680.49,8,0.0,13,N/A
1428175,,no_match,rejected_not_an_operator,other_line_of_business,Compass Bank,Compass Bank- Montgomery Main,52211,Commercial Banking,Montgomery,AL,36116,2003-09-06,2005-08-27,246.31,2,0.0,6,N/A
1428176,,no_match,rejected_not_an_operator,other_line_of_business,Compass Bank,Compass Bank- Montgomery Mall,52211,Commercial Banking,Montgomery,AL,36116,2003-09-06,2005-08-27,2114.1,8,0.0,14,N/A
1428177,,no_match,rejected_not_an_operator,other_line_of_business,Compass Bank,Compass Bank- Normandale,52211,Commercial Banking,Montgomery,AL,36111,2003-09-06,2005-08-27,3190.18,7,0.0,15,N/A
1428178,,no_match,rejected_not_an_operator,other_line_of_business,Compass Bank,Compass Bank- Vaughn Plaza,52211,Commercial Banking,Montgomery,AL,36116,2003-09-06,2005-08-27,4231.54,8,0.0,14,N/A
1428181,,no_match,rejected_not_an_operator,other_line_of_business,Compass Bank,Compass Bank- Zelda Road,52211,Commercial Banking,Montgomery,AL,36106,2003-09-06,2005-08-27,2819.08,10,0.0,17,N/A
1428182,,no_match,rejected_not_an_operator,other_line_of_business,Compass Bank,Compass Bank- Auburn Main,52211,Commercial Banking,Auburn,AL,36830,2003-09-06,2005-08-27,3737.29,11,0.0,20,N/A
1428184,,no_match,rejected_not_an_operator,other_line_of_business,Compass Bank,Compass Bank- Village Plains,52211,Commercial Banking,Auburn,AL,36830,2003-09-06,2005-08-27,2439.12,5,0.0,7,N/A
1428185,,no_match,rejected_not_an_operator,other_line_of_business,Compass Bank,Compass Bank- Dothan Main,52211,Commercial Banking,Dothan,AL,36301,2003-09-06,2005-08-27,3761.97,13,0.0,18,N/A
1428187,,no_match,rejected_not_an_operator,other_line_of_business,Compass Bank,Compass Bank- Wiregrass,52211,Commercial Banking,Dothan,AL,36303,2003-09-06,2005-08-27,2439.12,10,0.0,14,N/A
1428188,,no_match,rejected_not_an_operator,other_line_of_business,Compass Bank,Compass Bank- Eufaula Main,52211,Commercial Banking,Eufaula,AL,36027,2003-09-06,2005-08-27,2140.86,6,0.0,7,N/A
1428190,,no_match,rejected_not_an_operator,other_line_of_business,Compass Bank,Compass Bank- B'ham Downtown Drive-Thru,52211,Commercial Banking,Birmingham,AL,35201,2003-09-06,2005-08-27,542.08,2,0.0,3,N/A
1428191,,no_match,rejected_not_an_operator,other_line_of_business,Compass Bank,Compass Bank- Warrior,52211,Commercial Banking,Warrior,AL,35180,2003-09-06,2005-08-27,2329.09,8,0.0,12,N/A
1428193,,no_match,rejected_not_an_operator,other_line_of_business,Compass Bank,Compass Bank- Leeds,52211,Commercial Banking,Leeds,AL,35094,2003-09-06,2005-08-27,3129.0,9,0.0,16,N/A
1428194,,no_match,rejected_not_an_operator,other_line_of_business,Compass Bank,Compass Bank- Cox Creek,52211,Commercial Banking,Florence,AL,35630,2003-09-06,2005-08-27,1963.21,9,0.0,13,N/A
1428196,,no_match,rejected_not_an_operator,other_line_of_business,Compass Bank,Compass Bank- Rainbow Plaza,52211,Commercial Banking,Rainbow City,AL,35906,2003-09-06,2005-08-27,1097.68,2,0.0,11,N/A
1428199,,no_match,rejected_not_an_operator,other_line_of_business,Compass Bank,Compass Bank- Sumiton,52211,Commercial Banking,Sumiton,AL,35148,2003-09-06,2005-08-27,1931.55,7,0.0,14,N/A
1428200,,no_match,rejected_not_an_operator,other_line_of_business,Compass Bank,Compass Bank- Garden District,52211,Commercial Banking,Mobile,AL,36604,2003-09-06,2005-08-27,3058.87,6,0.0,12,N/A
1428201,,no_match,rejected_not_an_operator,other_line_of_business,Compass Bank,Compass Bank- Bel Air,52211,Commercial Banking,Mobile,AL,36606,2003-09-06,2005-08-27,4017.12,18,0.0,23,N/A
1428203,,no_match,rejected_not_an_operator,other_line_of_business,Compass Bank,Compass Bank- Chickasaw,52211,Commercial Banking,Chickasaw,AL,36611,2003-09-06,2005-08-27,2497.48,10,0.0,18,N/A
1428204,,no_match,rejected_not_an_operator,other_line_of_business,Compass Bank,Compass Bank- Cloverleaf Plaza,52211,Commercial Banking,Mobile,AL,36619,2003-09-06,2005-08-27,3502.96,17,0.0,22,N/A
1428205,,no_match,rejected_not_an_operator,other_line_of_business,Compass Bank,Compass Bank- Cottage Hill,52211,Commercial Banking,Mobile,AL,36695,2003-09-06,2005-08-27,3554.84,11,0.0,16,N/A
1428207,,no_match,rejected_not_an_operator,other_line_of_business,Compass Bank,Compass Bank- Crichton,52211,Commercial Banking,Mobile,AL,36607,2003-09-06,2005-08-27,2918.19,5,0.0,12,N/A
1428208,,no_match,rejected_not_an_operator,other_line_of_business,Compass Bank,Compass Bank- Daphne,52211,Commercial Banking,Daphne,AL,36526,2003-09-06,2005-08-27,3485.7,9,0.0,14,N/A
1428209,,no_match,rejected_not_an_operator,other_line_of_business,Compass Bank,Compass Bank- Fairhope,52211,Commercial Banking,Fairhope,AL,36532,2003-09-06,2005-08-27,4167.15,13,0.0,22,N/A
1428210,,no_match,rejected_not_an_operator,other_line_of_business,Compass Bank,Compass Bank- Dauphin Isle. Pkwy,52211,Commercial Banking,Mobile,AL,36605,2003-09-06,2005-08-27,1856.17,9,0.0,15,N/A
1428211,,no_match,rejected_not_an_operator,other_line_of_business,Compass Bank,Compass Bank- Mobile Financial Ctr.,52211,Commercial Banking,Mobile,AL,36602,2003-09-06,2005-08-27,1703.47,3,0.0,6,N/A
1428212,,no_match,rejected_not_an_operator,other_line_of_business,Compass Bank,Compass Bank- Greeno Rd.,52211,Commercial Banking,Fairhope,AL,36532,2003-09-06,2005-08-27,3502.09,13,0.0,19,N/A
1428213,,no_match,rejected_not_an_operator,other_line_of_business,Compass Bank,Compass Bank- Overlook,52211,Commercial Banking,Mobile,AL,36618,2003-09-06,2005-08-27,3893.04,10,0.0,14,N/A
1428214,,no_match,rejected_not_an_operator,other_line_of_business,Compass Bank,Compass Bank- Spanish Fort,52211,Commercial Banking,Spanish Fort,AL,36527,2003-09-06,2005-08-27,3246.57,7,0.0,12,N/A
1428216,,no_match,rejected_not_an_operator,other_line_of_business,Compass Bank,Compass Bank- Springhill,52211,Commercial Banking,Mobile,AL,36608,2003-09-06,2005-08-27,2192.35,3,0.0,7,N/A
1428217,,no_match,rejected_not_an_operator,other_line_of_business,Compass Bank,Compass Bank- Skyline,52211,Commercial Banking,Mobile,AL,36693,2003-09-06,2005-08-27,3161.45,10,0.0,18,N/A
1428218,,no_match,rejected_not_an_operator,other_line_of_business,Compass Bank,Compass Bank- Main Office,52211,Commercial Banking,Birmingham,AL,35233,2003-09-06,2005-08-27,810121.55,190,0.0,191,N/A
1435765,,no_match,rejected_not_an_operator,other_line_of_business,"Community Transport Service, LLC",Community Transport Service,624230,Emergency and Other Relief Services,Bowman,SC,29018,2004-05-24,2006-05-23,32.9,1,0.0,2,N/A
1436747,,no_match,rejected_not_an_operator,other_line_of_business,Wheelchair Transport Service Corporation,Wheelchair Transport Srevices,488490,Other Support Activities for Road Transportation,Fort Worth,TX,76107,2004-04-19,2006-04-19,0.0,0,0.0,0,N/A
1437373,,no_match,rejected_not_an_operator,other_line_of_business,"Keeney Ambulance & Transport Service, L.L.P.",Keeney Ambulance & Transport Service,621910,Ambulance Services,Rensselaer,IN,47978,2004-04-17,2006-04-15,23899.69,9,0.0,10,N/A
1437681,,no_match,rejected_not_an_operator,other_line_of_business,"Encompass TeleServices, Inc.",Encompass TeleServices,517212,Cellular and Other Wireless Telecommunications,Beaverton,OR,97006,2004-08-23,2006-08-22,7809.57,13,0.0,14,N/A
1438929,,no_match,rejected_not_an_operator,other_line_of_business,Amoco Food Mart-Church's,"Spectra, Inc",447110,Gasoline Stations with Convenience Stores,Blakely,GA,39823,2004-04-07,2006-04-06,3592.8,8,0.0,12,N/A
1439526,,no_match,rejected_not_an_operator,other_line_of_business,"M & M Transport Service, Inc.","M & M Transport Service, Inc.",4841,General Freight Trucking,Quincy,MA,2169,2006-05-01,2008-05-01,1210.88,4,0.0,4,N/A
1441823,,no_match,rejected_not_an_operator,food_service,Morrison's Countryside Buffet & Grill IV,Morrison's Countryside Buffet,722110,Full-Service Restaurants,Brandon,FL,33510,2005-11-01,2006-05-02,83.14,2,0.0,2,N/A
1443497,,no_match,rejected_not_an_operator,food_service,"Caterer's of Excellence, Inc",Bon Appetite Deli & Catering,72232,Caterers,Denville,NJ,7834,2004-07-01,2006-06-27,0.0,0,0.0,1,N/A
1446526,,no_match,rejected_not_an_operator,other_line_of_business,"McNutt Auto Transport Services, Incorporated","McNutt Auto Transport Services, Incorporated",488490,Other Support Activities for Road Transportation,Lowry City,MO,64763,2004-07-09,2006-07-07,0.0,0,0.0,0,N/A
1447809,,no_match,rejected_not_an_operator,food_service,"L.I. Restaurant Associates, L.P.",Burger King,722211,Limited-Service Restaurants,Riverhead,NY,11901,2004-06-24,2006-06-22,45973.0,20,0.0,20,N/A
1447984,,no_match,rejected_not_an_operator,other_line_of_business,"3M, Inc.",Complete Compassinate Care,621610,Home Health Care Services,East Lansing,MI,48823,2004-09-02,2006-09-30,485.74,3,0.0,4,N/A
1448909,,no_match,rejected_not_an_operator,other_line_of_business,"Lancer & Associates, Inc.","Lancer Transport Services, Inc.",484121,"General Freight Trucking, Long-Distance, Truckload",Jeffersonville,IN,47130,2004-09-19,2006-09-16,14937.46,11,0.0,12,N/A
1449930,,no_match,rejected_not_an_operator,other_line_of_business,"Morrison Financial Services, LLC",Morrison Financial Services,522310,Mortgage and Nonmortgage Loan Brokers,Austin,TX,78746,2004-08-02,2006-08-01,461.54,1,0.0,2,N/A
1452551,,no_match,rejected_not_an_operator,other_line_of_business,Foodarama Supermarket Inc,SHOP RITE,44511,Supermarkets and Other Grocery (except Convenience) Stores,Belmar,NJ,7719,2004-09-30,2006-08-01,0.0,0,0.0,0,N/A
1454311,,no_match,rejected_not_an_operator,other_line_of_business,"Compass Contractors & Builders, Inc.",Compass Contractors & Builders,236118,Residential Remodelers,Kennett Square,PA,19348,2004-09-02,2006-09-01,4282.13,9,2640.0,11,N/A
1454626,,no_match,rejected_not_an_operator,other_line_of_business,Levy County,Nature Coast Transit,09770,Local Transit Systems,Bronson,FL,32621,2004-09-08,2006-09-07,0.0,0,0.0,0,N/A
1456323,,no_match,rejected_not_an_operator,other_line_of_business,"Morrison Homes, Inc.","Morrison Homes, Inc.",236116,New Multifamily Housing Construction (except Operative Builders),Folsom,CA,95630,2004-10-01,2006-09-30,3440.45,44,0.0,45,N/A
1457514,,no_match,rejected_not_an_operator,food_service,Legacy Fooda LLC,McDonald's,72211,Full-Service Restaurants,Ormond Beach,FL,32174,2004-09-28,2006-09-28,12097.76,26,0.0,26,N/A
1461048,,no_match,rejected_not_an_operator,other_line_of_business,"Spectraforce Technologies, Inc","Spectraforce Technologies, Inc.",5415,Computer Systems Design and Related Services,Raleigh,NC,27606,2005-10-27,2006-10-26,4361.6,1,0.0,2,N/A
1461652,,no_match,rejected_not_an_operator,other_line_of_business,"Consolidated Health Services, Inc.",Patient Transport Services,621910,Ambulance Services,Loveland,OH,45140,2004-11-08,2006-11-07,110.05,1,0.0,1,N/A
1464241,,no_match,rejected_not_an_operator,other_line_of_business,"Legends Aircraft, LLC",Legends,336413,Other Aircraft Parts and Auxiliary Equipment Manufacturing,Aiken,SC,29805,2005-02-14,2007-02-14,0.0,0,0.0,2,N/A
1466016,,no_match,rejected_not_an_operator,other_line_of_business,Compass Development LLC,Compass Development Assisted Living,09690,Local Group Homes for Mentally and Physically Handicapped,Green Bay,WI,54304,2005-02-11,2007-02-11,26452.58,45,0.0,45,N/A
1468074,,no_match,rejected_not_an_operator,other_line_of_business,"J. B. Hunt Transport Services, Inc.",J.B. Hunt,48412,"General Freight Trucking, Long-Distance",Cranbury,NJ,8512,2005-01-14,2007-01-13,6179.66,10,0.0,10,N/A
1468155,,no_match,rejected_not_an_operator,other_line_of_business,"Morrison's Discount Automotive Repair, Inc.","MDAR of Armenia, Inc.",81111,Automotive Mechanical and Electrical Repair and Maintenance,Tampa,FL,33607,2005-02-27,2007-02-18,19510.64,16,0.0,18,N/A
1472891,,no_match,rejected_not_an_operator,other_line_of_business,"Morrison Nursery, Inc.",Morrison Nursery,111421,Nursery and Tree Production,Mc Alpin,FL,32062,2005-03-09,2007-02-28,0.0,0,0.0,0,N/A
1474210,,no_match,rejected_not_an_operator,other_line_of_business,Mission Network,"College Compass, Inc.",813110,Religious Organizations,Cumming,GA,30040,2005-10-29,2007-10-26,26264.44,1,0.0,2,N/A
1475265,,no_match,rejected_not_an_operator,other_line_of_business,"Compass Environmental, Inc.",Compass Environmental,541620,Environmental Consulting Services,Port Arthur,TX,77640,2006-08-06,2007-05-14,29409.48,24,0.0,27,N/A
1477135,,no_match,rejected_not_an_operator,food_service,"Torchy's Legends, Inc.","Torchy's Legends, Inc.",722410,Drinking Places (Alcoholic Beverages),Broken Arrow,OK,74012,2005-03-02,2007-03-01,0.0,0,0.0,43,N/A
1480615,,no_match,rejected_not_an_operator,food_service,LEGENDS PATIO GRILL & BAR,Legends Patio Grill and Bar,722110,Full-Service Restaurants,Omaha,NE,68122,2005-07-03,2007-07-01,2796.41,10,0.0,10,N/A
1483455,,no_match,rejected_not_an_operator,other_line_of_business,Lorico Transport Service Inc.,Ramon Lorico Transport,48422,"Specialized Freight (except Used Goods) Trucking, Local",Salinas,CA,93912,2005-09-10,2007-09-07,39911.22,14,0.0,28,N/A
1485143,,no_match,rejected_not_an_operator,other_line_of_business,Transport Service Co.,Transport Service Company,48423,"Specialized Freight (except Used Goods) Trucking, Long-Distance",Hinsdale,IL,60523,2005-06-24,2007-06-23,1501.5,5,0.0,5,N/A
1486890,,no_match,rejected_not_an_operator,other_line_of_business,"Compass Environmental, Inc.","Compass Environmental, Inc.",23899,All Other Specialty Trade Contractors,Chicago,IL,60607,2005-10-28,2007-10-27,0.0,0,0.0,0,N/A
1497675,,no_match,rejected_not_an_operator,other_line_of_business,David Elam dba Morrison Hardware,Morrison Hardware,44413,Hardware Stores,Morrison,TN,37357,2005-12-19,2007-12-18,12409.32,5,0.0,6,N/A
1498459,,no_match,rejected_not_an_operator,other_line_of_business,AMC ENTERTAINMENT INC,AMC Oak View 24,711110,Theater Companies and Dinner Theaters,Omaha,NE,68144,2007-08-03,2008-01-10,0.0,0,0.0,0,N/A
1500972,,no_match,rejected_not_an_operator,other_line_of_business,"A&E Transport Services, Inc.",A&E Transportation,485410,School and Employee Bus Transportation,Oswego,NY,13126,2006-02-03,2008-02-03,0.0,0,0.0,0,N/A
1502343,,no_match,rejected_not_an_operator,other_line_of_business,Compassionate Care Veternary Hospital,"Susan Frits Veterinary, PC",541940,Veterinary Services,Fredericksburg,TX,78624,2006-02-04,2008-02-02,1204.76,6,0.0,6,N/A
1502742,,no_match,rejected_not_an_operator,other_line_of_business,"B.J. Trucking Co., Inc.",Mail Transport Service,561431,Private Mail Centers,Greensboro,NC,27407,2006-12-12,2008-01-06,0.0,0,0.0,0,N/A
1506215,,no_match,rejected_not_an_operator,other_line_of_business,"Legacy Transport Services, Inc.",Legacy Transport Services,4869,Other Pipeline Transportation,Granbury,TX,76049,2007-02-01,2008-03-12,5055.42,21,0.0,22,N/A
1511632,,no_match,rejected_not_an_operator,other_line_of_business,"Chambers Transport Services, LLC","Chambers Transport Services, LLC",561431,Private Mail Centers,Kennesaw,GA,30152,2006-10-02,2008-10-01,136772.49,58,0.0,89,N/A
1514394,,no_match,rejected_not_an_operator,other_line_of_business,Oak View Golf Club,Oak View Golf Club,713910,Golf Courses and Country Clubs,Slippery Rock,PA,16057,2006-07-14,2008-07-04,9072.04,16,0.0,17,N/A
1514508,,no_match,rejected_not_an_operator,other_line_of_business,SR Alapati MD PC,Spectra Family Medical,621111,Offices of Physicians (except Mental Health Specialists),Huntsville,AL,35811,2006-07-14,2008-07-11,292.75,2,0.0,2,N/A
1515234,,no_match,rejected_not_an_operator,food_service,"Let's Golf Daily, Inc.",Legends Sports Pub & Grill-N Canton,722110,Full-Service Restaurants,North Canton,OH,44720,2006-07-01,2008-06-30,7597.16,8,0.0,8,N/A
1517518,,no_match,rejected_not_an_operator,other_line_of_business,Compassionate Care Hospice Group Limited,Compassionate Care Hospice,6216,Home Health Care Services,Scranton,PA,18508,2006-08-14,2008-08-13,151.87,2,0.0,2,R
1517768,,no_match,rejected_not_an_operator,other_line_of_business,"Spectra Investments, LLC",Apple Patch Learning Center,624410,Child Day Care Services,Jacksonville Beach,FL,32250,2007-06-25,2008-06-29,661.42,10,0.0,11,N/A
1518314,,no_match,rejected_not_an_operator,food_service,English Stick Company LLC II,Legends Sports Pub & Grill-Medina,722110,Full-Service Restaurants,Medina,OH,44256,2006-07-01,2008-06-30,1524.73,8,0.0,8,N/A
1518316,,no_match,rejected_not_an_operator,food_service,"English Stick, Inc.",Legends Sports Pub & Grill-Green,722110,Full-Service Restaurants,Uniontown,OH,44685,2006-07-01,2008-06-30,106.39,1,0.0,1,N/A
1518318,,no_match,rejected_not_an_operator,food_service,"English Stick Company, LLC III",Legends Sports Pub & Grill-Fairborn,722110,Full-Service Restaurants,Fairborn,OH,45324,2006-07-01,2008-06-30,4845.21,15,0.0,16,N/A
1518515,,no_match,rejected_not_an_operator,food_service,"West Whiteland Restaurant Associates, LLC",Houlihan's Restaurant,722110,Full-Service Restaurants,Exton,PA,19341,2006-07-15,2008-07-14,0.0,0,0.0,0,N/A
1519970,,no_match,rejected_not_an_operator,food_service,"SIS Ventures, Inc.",Legends Sports Bar & Grill,722110,Full-Service Restaurants,Lincoln,NE,68505,2007-10-01,2008-08-21,194.98,2,841.5,6,N/A
1524635,,no_match,rejected_not_an_operator,food_service,"Bolognue Holdings dba Second Time, Inc.",Legends Sports Pub & Grill - MO,722110,Full-Service Restaurants,Akron,OH,44308,2006-07-01,2008-06-30,914.4,4,0.0,4,N/A
1526699,,no_match,rejected_not_an_operator,food_service,"Bon Appetit Restaurant and Catering, Inc.",Bonappettie Resturant and Cateror,72211,Full-Service Restaurants,Wilmington,NC,28412,2006-10-22,2008-10-07,18534.34,20,0.0,20,N/A
1532083,,no_match,rejected_not_an_operator,other_line_of_business,JD Legends,Strike Zone Lanes,713950,Bowling Centers,Franklin,OH,45005,2007-02-01,2009-02-20,634.53,3,0.0,6,N/A
1532662,,no_match,rejected_not_an_operator,other_line_of_business,Morrison Transit Mix Corp.,Morrison Transit Mix Corp.,327320,Ready-Mix Concrete Manufacturing,Inwood,NY,11096,2007-02-22,2009-02-25,32611.5,17,6358.0,17,W
1533856,,no_match,rejected_not_an_operator,food_service,"L.I. Restaurant Associates, L.P.",Burger King,722211,Limited-Service Restaurants,Coram,NY,11727,2007-06-28,2009-06-18,26020.56,2,1100.0,2,RW
1535611,,no_match,rejected_not_an_operator,other_line_of_business,"J.B. Hunt Transport Services, Inc.","J.B. Hunt Transport Services, Inc.",484121,"General Freight Trucking, Long-Distance, Truckload",Lowell,AR,72745,2007-01-01,2008-12-31,5678.05,56,0.0,56,N/A
1542656,,no_match,rejected_not_an_operator,other_line_of_business,Advance Medical Transport Services LLC,Advanced Ambulance,621910,Ambulance Services,Warwick,RI,2886,2008-01-01,2009-12-31,9527.3,63,0.0,64,N/A
1543668,,no_match,rejected_not_an_operator,food_service,"Rogers Entertainment, LTD",Legends American Grill,722110,Full-Service Restaurants,Des Moines,IA,50309,2007-04-15,2009-04-14,20928.7,5,0.0,5,N/A
1543955,,no_match,rejected_not_an_operator,other_line_of_business,Magnesium Aluminum Machining LLC,Compass Automotive Group Grand Rapids,336312,Gasoline Engine and Engine Parts Manufacturing,Lowell,MI,49331,2009-03-04,2009-05-27,0.0,0,0.0,2,N/A
1545676,,no_match,rejected_not_an_operator,other_line_of_business,Morrison Supply Company,Morrison Supply Company,326191,Plastics Plumbing Fixture Manufacturing,Lufkin,TX,75904,2008-11-02,2009-05-02,1047.53,2,0.0,3,R
1549272,,no_match,rejected_not_an_operator,adjacent,Canteen Group,"Compass USA Group, Inc.",454210,Vending Machine Operators,Charlotte,NC,28216,2008-04-07,2010-03-23,56328.04,36,0.0,36,N/A
1551886,,no_match,rejected_not_an_operator,other_line_of_business,Dr. Stephen Steinmetz dba Dr. Steinmetz& Ass.,Steinmetz and Associates,621320,Offices of Optometrists,Naperville,IL,60563,2007-09-20,2009-09-19,3248.08,5,0.0,5,N/A
1557521,,no_match,rejected_not_an_operator,other_line_of_business,"Sterling Home Health, LLC d/b/a",Compassionate Home Care,62161,Home Health Care Services,Hendersonville,NC,28739,2008-05-11,2010-01-10,4530.35,14,0.0,14,N/A
1557809,,no_match,rejected_not_an_operator,food_service,Carlotta Hughes d.b.a. Stafford Canteen,Stafford Canteen,722213,Snack and Nonalcoholic Beverage Bars,Oklahoma City,OK,73159,2008-01-20,2010-01-19,8104.73,6,0.0,8,N/A
1558688,,no_match,rejected_not_an_operator,other_line_of_business,"Compass Aerospace NW, Inc.",Compass Aerospace NW,33641,Aerospace Product and Parts Manufacturing,Kent,WA,98032,2007-10-01,2009-09-30,5027.73,4,0.0,5,N/A
1559291,,no_match,rejected_not_an_operator,food_service,"J & B Restaurant Associates, LLC",Stony Hill Inn,72211,Full-Service Restaurants,Hackensack,NJ,7601,2008-01-05,2010-01-02,12337.91,23,0.0,24,N/A
1563514,,no_match,rejected_not_an_operator,other_line_of_business,"Contract Transport Services, LLC","Contract Transport Services, Inc.",621910,Ambulance Services,Cleveland,OH,44114,2008-01-22,2010-01-21,106.2,1,0.0,75,N/A
1564243,,no_match,rejected_not_an_operator,other_line_of_business,"Watermark Transport Services, LLC.","Watermark Transport Services, LLC.",4842,Specialized Freight Trucking,Jacksboro,TX,76458,2009-10-27,2009-12-23,0.0,0,0.0,2,N/A
1564356,,no_match,rejected_not_an_operator,other_line_of_business,WRS Compass Environmental,WRS Compass Environmental,562211,Hazardous Waste Treatment and Disposal,White Plains,NY,10601,2008-01-31,2010-01-01,0.0,0,0.0,0,N/A
1566196,,no_match,rejected_not_an_operator,other_line_of_business,"Metzenbaum Sheltered Industries, Inc.",Metzebaum Sheltered Industries,09680,Local Sheltered Workshops,Chesterland,OH,44026,2008-01-16,2010-01-15,530.2,118,0.0,118,N/A
1566747,,no_match,rejected_not_an_operator,other_line_of_business,Compassionate Care Hospice,Compassionate Care Hospice,621610,Home Health Care Services,Houston,TX,77018,2009-04-01,2009-10-29,0.0,0,0.0,3,N/A
1570420,,no_match,rejected_not_an_operator,other_line_of_business,Spectra Colors Corporation,Spectra Colors,424690,Other Chemical and Allied Products Merchant Wholesalers,Kearny,NJ,7032,2008-02-01,2010-01-31,5053.36,8,0.0,9,N/A
1571476,,no_match,rejected_not_an_operator,other_line_of_business,"Chambers Transport Services, LLC","Chambers Transport Services, LLC",561431,Private Mail Centers,Kennesaw,GA,30152,2009-01-10,2010-04-29,0.0,0,0.0,71,N/A
1572439,,no_match,rejected_not_an_operator,other_line_of_business,Spectrasoft Technologies Inc.,"Spectrasoft Technologies, Inc.",541511,Custom Computer Programming Services,Bensalem,PA,19020,2009-08-05,2011-08-31,0.0,0,0.0,58,N/A
1573473,,no_match,rejected_not_an_operator,other_line_of_business,"Family Mobile Medical, Inc",Mobile Emergency Transport Services,62191,Ambulance Services,South Bend,IN,46628,2008-02-17,2010-02-16,0.0,0,0.0,0,N/A
1574515,,no_match,rejected_not_an_operator,food_service,Swamibapa 108 Inc.,Swamibapa 108/Yogi Krupa/Morrison Buffet,722110,Full-Service Restaurants,Winter Haven,FL,33884,2009-01-06,2010-03-19,0.0,0,0.0,32,N/A
1576132,,no_match,rejected_not_an_operator,other_line_of_business,,"M&M Transport Services, Inc.",484121,"General Freight Trucking, Long-Distance, Truckload",Putnam,CT,6260,2010-05-24,2010-05-24,0.0,0,0.0,0,N/A
1576826,,no_match,rejected_not_an_operator,other_line_of_business,Compassionate Care L.L.C.,Compassionate Care Group Home,6239,Other Residential Care Facilities,Phoenix,AZ,85028,2009-08-15,2011-08-15,0.0,0,0.0,22,N/A
1578110,,no_match,rejected_not_an_operator,other_line_of_business,H Global Marketing LLC,Compass Financial Group,525990,Other Financial Vehicles,Fort Lauderdale,FL,33301,2010-02-03,2010-02-25,0.0,0,0.0,0,N/A
1578232,,no_match,rejected_not_an_operator,other_line_of_business,"Metzenbuam Sheltered Industries, Inc.",Metzenbaum Center,09680,Local Sheltered Workshops,Middlefield,OH,44062,2008-04-01,2010-03-31,561.72,28,0.0,28,N/A
1584508,,no_match,rejected_not_an_operator,food_service,"SBH Restaurant Associates, LLC",Spago,722110,Full-Service Restaurants,Beverly Hills,CA,90210,2008-11-24,2010-11-23,6876.86,6,0.0,7,N/A
1593412,,no_match,rejected_not_an_operator,other_line_of_business,Steinmetz Snacks and Vending LLC,Steinmetz Snacks,445110,Supermarkets and Other Grocery (except Convenience) Stores,De Soto,MO,63020,2009-04-01,2011-03-31,2289.74,5,0.0,6,N/A
1594536,,no_match,rejected_not_an_operator,other_line_of_business,Mail Transport Services,Mail Transport Services,48423,"Specialized Freight (except Used Goods) Trucking, Long-Distance",Greensboro,NC,27409,2008-01-31,2010-07-23,8078.5,3,0.0,3,N/A
1595051,,no_match,rejected_not_an_operator,other_line_of_business,Compassionate Concern Home Care,Compassionate Concern Home Care,621610,Home Health Care Services,Sinking Spring,PA,19608,2008-12-07,2010-12-06,0.0,0,0.0,0,N/A
1597978,,no_match,rejected_not_an_operator,other_line_of_business,Compass Housing Alliance,Compass Housing Alliance,23622,Commercial and Institutional Building Construction,Seattle,WA,98104,2010-06-01,2010-12-20,0.0,0,0.0,0,N/A
1599196,,no_match,rejected_not_an_operator,other_line_of_business,R Lorico Trucking LLC,"LORICO TRANSPORT SERVICE, INC.",484220,"Specialized Freight (except Used Goods) Trucking, Local",Salinas,CA,93912,2009-05-01,2011-04-30,20085.16,6,0.0,12,N/A
1602562,,no_match,rejected_not_an_operator,other_line_of_business,"Latrikunda Transport Services, LLC",Latrikunda Transport Services,48599,Other Transit and Ground Passenger Transportation,Tucson,AZ,85713,2009-10-01,2011-10-31,5381.23,23,0.0,24,N/A
1604454,,no_match,rejected_not_an_operator,other_line_of_business,Compass Medical Staffing,Compass Medical Staffing,621610,Home Health Care Services,North Miami Beach,FL,33162,2010-11-12,2010-12-10,6599.32,8,0.0,8,N/A
1611225,,no_match,rejected_not_an_operator,other_line_of_business,"Compass Solutions, LLC","Compass Solutions, LLC",238990,All Other Specialty Trade Contractors,Zirconia,NC,28790,2009-11-24,2011-05-26,0.0,0,0.0,1,N/A
1615517,,no_match,rejected_not_an_operator,food_service,"Dejohn's & Legends --- MEISHA, LLC.",De John's Restaurant and Pub,722110,Full-Service Restaurants,Albany,NY,12203,2009-06-21,2011-06-17,4379.0,11,0.0,13,N/A
1615784,,no_match,rejected_not_an_operator,other_line_of_business,"Secuitty Transport Services, Inc",Security Transport Service,561612,Security Guards and Patrol Services,Topeka,KS,66609,2010-05-05,2012-05-04,0.0,0,0.0,1,N/A
1619628,,no_match,rejected_not_an_operator,other_line_of_business,Compass Corporation for Recovery Services,Compass Corporation for Recovery Services,622210,Psychiatric and Substance Abuse Hospitals,Toledo,OH,43620,2009-06-17,2011-06-16,0.0,0,0.0,0,N/A
1621232,,no_match,rejected_not_an_operator,food_service,"Knishka restaurant associates, Inc",Akbar Restaurant,722110,Full-Service Restaurants,Garden City,NY,11530,2009-07-17,2011-07-16,78087.5,18,6732.0,18,W
1622461,,no_match,rejected_not_an_operator,other_line_of_business,"Milwaukee Transport Services, Inc.",Milwaukee County Transit System,485113,Bus and Other Motor Vehicle Transit Systems,Milwaukee,WI,53205,2010-08-01,2011-09-06,13862.4,1,0.0,2,N/A
1626202,,no_match,rejected_not_an_operator,other_line_of_business,Compass Cove Resort LLC,Compass Cove Resort,72111,Hotels (except Casino Hotels) and Motels,Myrtle Beach,SC,29577,2009-12-20,2011-12-19,13219.02,30,0.0,31,N/A
1627405,,no_match,rejected_not_an_operator,food_service,Nick-N-Willy's Legends LLC,Nick-N-Willy's Pizza,72211,Full-Service Restaurants,Kansas City,KS,66111,2010-08-15,2011-08-14,0.0,0,6425.0,6,N/A
1628757,,no_match,rejected_not_an_operator,food_service,MD Investments LLC,Legends American Grill,722110,Full-Service Restaurants,Marshalltown,IA,50158,2009-08-30,2011-08-28,313.0,12,0.0,13,R
1631838,,no_match,rejected_not_an_operator,other_line_of_business,Yakama Nation,Legends Casino,713210,Casinos (except Casino Hotels),Toppenish,WA,98948,2011-07-11,2012-02-28,0.0,0,0.0,0,N/A
1633101,,no_match,rejected_not_an_operator,food_service,Legends Smokehouse LLC.,Legends Smokehouse Restaurant,72211,Full-Service Restaurants,Trussville,AL,35173,2009-11-10,2011-11-08,0.0,0,0.0,25,N/A
1633698,,no_match,rejected_not_an_operator,other_line_of_business,Derek Andrew Stallings DBA,Spectral Plane Toys and Gifts,451120,"Hobby, Toy, and Game Stores",Abilene,TX,79603,2009-11-04,2011-11-03,13973.94,2,0.0,4,N/A
1635202,,no_match,rejected_not_an_operator,other_line_of_business,Meetha Ventures LLC,Candyopolis-Oak View Mall,445299,All Other Specialty Food Stores,Omaha,NE,68114,2009-10-08,2011-10-07,213.57,21,0.0,22,N/A
1635430,,no_match,rejected_not_an_operator,food_service,"WP Bistro Tulsa, Inc.",Wolfgang Puck,722110,Full-Service Restaurants,Tulsa,OK,74105,2010-07-11,2011-12-01,1017.79,9,0.0,13,N/A
1637448,,no_match,rejected_not_an_operator,other_line_of_business,Compass Systems Inc.,Compass Systems,541690,Other Scientific and Technical Consulting Services,Yuma,AZ,85365,2010-04-03,2012-04-02,0.0,0,0.0,0,N/A
1638183,,no_match,rejected_not_an_operator,food_service,"Legends Smokehouse, LLC.",Legends Smokehouse (Clay/Pinson),7221,Full-Service Restaurants,Pinson,AL,35126,2009-11-04,2011-11-02,0.0,0,0.0,19,N/A
1648086,,no_match,rejected_not_an_operator,other_line_of_business,Morrison Security Corporation,Morrison Security Corp,561612,Security Guards and Patrol Services,Alsip,IL,60803,2010-04-06,2012-04-05,5139.32,11,0.0,11,N/A
1649243,,no_match,rejected_not_an_operator,other_line_of_business,Compass Global Contracting LLC,Compass Global Contracting LLC,238110,Poured Concrete Foundation and Structure Contractors,Mandeville,LA,70470,2012-01-25,2012-02-22,32665.92,16,0.0,27,N/A
1650375,,no_match,rejected_not_an_operator,food_service,"Uno Restaurant Associates, Inc.",Prime Italian Restaurant,722110,Full-Service Restaurants,Miami Beach,FL,33139,2010-04-19,2012-04-15,59935.76,39,0.0,51,N/A
1651810,,no_match,rejected_not_an_operator,other_line_of_business,Morrison Sign Company,"Morrison Sign Company, Inc",339950,Sign Manufacturing,Columbus,OH,43221,2010-07-24,2012-07-14,17103.75,15,0.0,16,N/A
1653459,,no_match,rejected_not_an_operator,food_service,"Arigarto Cat, LLC",Lazy Ox Canteen,722110,Full-Service Restaurants,Los Angeles,CA,90012,2010-04-19,2012-04-18,0.0,0,0.0,0,N/A
1653655,,no_match,rejected_not_an_operator,other_line_of_business,"Kava Holdings, Inc.",Wolfgang Puck-Hotel Bel Air,721110,Hotels (except Casino Hotels) and Motels,Los Angeles,CA,90077,2010-05-17,2012-05-16,3437.04,53,0.0,54,N/A
1653658,,no_match,rejected_not_an_operator,food_service,"LAL Restaurant Management, LLC",Wolfgang Puck Bar and Grill-LA Live,722110,Full-Service Restaurants,Los Angeles,CA,90015,2010-04-27,2012-04-26,0.0,0,0.0,0,N/A
1653661,,no_match,rejected_not_an_operator,food_service,"SBH Restaurant Associates, LLC",Spago,722110,Full-Service Restaurants,Beverly Hills,CA,90210,2010-11-23,2012-04-25,0.0,0,0.0,0,N/A
1655326,,no_match,rejected_not_an_operator,other_line_of_business,Compassionate Care Home,Compassionate Care Home,623312,Homes for the Elderly,Fair Oaks,CA,95628,2011-07-01,2012-06-26,1736.35,5,0.0,5,N/A
1655417,,no_match,rejected_not_an_operator,other_line_of_business,"Transport Services, Inc","Transport Services, Inc",484121,"General Freight Trucking, Long-Distance, Truckload",Boca Raton,FL,33434,2012-03-02,2012-04-02,0.0,0,0.0,1,N/A
1657199,,no_match,rejected_not_an_operator,other_line_of_business,"Tuf Transport Services, Inc",TUF TRANSPORT,484230,"Specialized Freight (except Used Goods) Trucking, Long-Distance",Saint George,UT,84791,2012-03-16,2012-05-12,546.44,2,0.0,3,N/A
1658128,,no_match,rejected_not_an_operator,food_service,"Knishka restaurant associates, Inc",Akbar,722110,Full-Service Restaurants,Garden City,NY,11530,2011-08-23,2012-04-03,2612.5,1,0.0,1,N/A
1659546,,no_match,rejected_not_an_operator,other_line_of_business,Community Transport LLC,Community Transport Service,4859,Other Transit and Ground Passenger Transportation,Winchester,IN,47394,2010-10-17,2012-10-16,0.0,0,0.0,1,N/A
1660847,,no_match,rejected_not_an_operator,food_service,Hotel Restaurant Associates LLC,Stadium Bar and Restaurant,722110,Full-Service Restaurants,Philadelphia,PA,19148,2010-09-15,2012-09-06,12941.4,55,0.0,61,N/A
1661063,,no_match,rejected_not_an_operator,other_line_of_business,"Seair Transport Services, Inc.",Seair Transport Services,488190,Other Support Activities for Air Transportation,Elizabeth City,NC,27909,2011-01-07,2012-10-12,0.0,0,0.0,2,N/A
1661517,,no_match,rejected_not_an_operator,other_line_of_business,"Smith and Morrison Farms, L.L.C.","Smith and Morrison Farms, L.L.C.",111211,Potato Farming,Mount Vernon,WA,98274,2010-07-10,2012-07-07,0.0,0,0.0,1,N/A
1662537,,no_match,rejected_not_an_operator,other_line_of_business,Morrison Farms L.P.,Morrison Farms L.P.,111211,Potato Farming,Mount Vernon,WA,98274,2010-07-10,2012-07-07,0.0,0,0.0,0,N/A
1663726,,no_match,rejected_not_an_operator,other_line_of_business,Sam's Transport Service Inc.,Sam's Transport,484220,"Specialized Freight (except Used Goods) Trucking, Local",East Saint Louis,IL,62206,2010-10-21,2012-10-20,118362.78,10,0.0,22,N/A
1668696,,no_match,rejected_not_an_operator,other_line_of_business,Compassionate Care Homes,Compassionate Care Homes,623312,Homes for the Elderly,Fair Oaks,CA,95628,2012-07-02,2012-12-03,0.0,0,0.0,0,N/A
1668999,,no_match,rejected_not_an_operator,other_line_of_business,"Michael Levy Horticultural Services, Inc","Michael Levy Horticultural Services, Inc",541320,Landscape Architectural Services,Metairie,LA,70002,2010-09-29,2012-09-28,0.0,0,0.0,0,N/A
1674386,,no_match,rejected_not_an_operator,other_line_of_business,The Solar Guys Inc,Compass Solar Energy,238990,All Other Specialty Trade Contractors,Pensacola,FL,32505,2011-02-06,2013-02-05,3785.78,3,0.0,5,N/A
1677308,,no_match,rejected_not_an_operator,other_line_of_business,"Morrison Builders, Inc.","Morrison Builders, Inc.",236220,Commercial and Institutional Building Construction,Springdale,AR,72762,2010-12-06,2012-12-05,1085.34,2,0.0,4,N/A
1677712,,no_match,rejected_not_an_operator,other_line_of_business,Compassionate Care Hospice of Northwestern PA,Compassionate Care Hospice,6216,Home Health Care Services,Parsippany,NJ,7054,2012-08-20,2013-02-01,2117.8,1,0.0,1,N/A
1678874,,no_match,rejected_not_an_operator,other_line_of_business,Joe and Jackie Inc.,JJ's Eatery and Canteen,447190,Other Gasoline Stations,Glenville,NC,28736,2011-03-05,2013-03-04,1868.75,6,0.0,10,N/A
1680076,,no_match,rejected_not_an_operator,other_line_of_business,"Unified Compassionate Solutions, Inc.",Unified Compassionate Solutions,62399,Other Residential Care Facilities,San Mateo,CA,94403,2011-01-01,2013-10-15,24130.0,0,0.0,6,N/A
1681103,,no_match,rejected_not_an_operator,other_line_of_business,UBF Transport Services Inc.,UBF Transport Services,48599,Other Transit and Ground Passenger Transportation,Milpitas,CA,95035,2010-02-08,2013-02-05,25458.75,17,0.0,25,N/A
1681512,,no_match,rejected_not_an_operator,other_line_of_business,"Hospitality Staffing Solutions, Inc.",HSS at Marriott's Legends Edge at Bay Pines,721110,Hotels (except Casino Hotels) and Motels,Panama City,FL,32411,2011-02-26,2013-02-25,0.0,0,0.0,0,N/A
1683094,,no_match,rejected_not_an_operator,other_line_of_business,Morrison Residential Services Inc.,Morrison Residential #2,623210,Residential Mental Retardation Facilities,Rowland Heights,CA,91748,2011-02-05,2013-02-23,617.6,13,0.0,13,N/A
1684304,,no_match,rejected_not_an_operator,other_line_of_business,"Dependable Medical Transport Services, LLC",DMTS,485991,Special Needs Transportation,Phoenix,AZ,85008,2011-05-02,2013-04-28,0.0,0,0.0,0,N/A
1686300,,no_match,rejected_not_an_operator,other_line_of_business,"M&M Transport Services, Inc.",M&M Transport Services,484230,"Specialized Freight (except Used Goods) Trucking, Long-Distance",Putnam,CT,6260,2011-07-09,2013-07-06,13000.0,2,0.0,2,N/A
1687135,,no_match,rejected_not_an_operator,other_line_of_business,Ready Transport Services Inc.,City Cab & City Van Service,485310,Taxi Service,Montgomery,WV,25136,2011-04-16,2013-04-06,2352.98,5,0.0,6,N/A
1690142,,no_match,rejected_not_an_operator,other_line_of_business,Compass Pointe Apartments LLC,Compass Pointe Apartments LLC,236115,New Single-Family Housing Construction (except Operative Builders),Greenwood,MS,38935,2011-10-01,2013-05-22,4476.28,11,0.0,12,N/A
1690170,,no_match,rejected_not_an_operator,other_line_of_business,"Compassionate Care At Home, LLC","Compassionate Care At Home, LLC",621610,Home Health Care Services,Jackson,MI,49201,2011-05-21,2013-05-20,28235.27,8,0.0,9,N/A
1692255,,no_match,rejected_not_an_operator,food_service,"Knishka Restaurant Associates, Inc.",Akbar Restaurant & Caterer,722110,Full-Service Restaurants,Garden City,NY,11530,2012-01-20,2014-07-21,142900.0,24,24200.0,34,RW
1692679,,no_match,rejected_not_an_operator,food_service,Bon Appetit LLC,Red Line Diner,722110,Full-Service Restaurants,Saint Albans,WV,25177,2011-05-01,2013-04-21,0.0,0,0.0,2,N/A
1692842,,no_match,rejected_not_an_operator,other_line_of_business,Mathis Non-Emergency Transport Service LLC,Mathis Net LLC,485991,Special Needs Transportation,Meridian,MS,39301,2012-07-17,2013-07-17,43.52,1,0.0,1,R
1694160,,no_match,rejected_not_an_operator,other_line_of_business,Ryan Busalacchi & Aaron Busalacchi PTR Avalon,AVALON - LEGENDS,09690,Local Group Homes for Mentally and Physically Handicapped,Oakley,CA,94561,2011-05-08,2012-12-30,8879.31,5,0.0,7,N/A
1694200,,no_match,rejected_not_an_operator,food_service,The Brass Compass Cafe,Brass Compass Cafe (The),722110,Full-Service Restaurants,Rockland,ME,4841,2011-05-17,2013-05-15,252.55,2,0.0,3,N/A
1694277,,no_match,rejected_not_an_operator,other_line_of_business,Spectrasoft Technologies Inc.,Spectrasoft Technologies Inc,541511,Custom Computer Programming Services,Bensalem,PA,19020,2009-07-27,2013-04-30,0.0,0,0.0,1,N/A
1695340,,no_match,rejected_not_an_operator,food_service,"Legends Patio Grill & Bar, Inc.",Legends Patio Grill & Bar,722110,Full-Service Restaurants,Omaha,NE,68122,2011-06-05,2013-06-04,0.0,0,0.0,0,N/A
1695432,,no_match,rejected_not_an_operator,other_line_of_business,"DTS, Inc.",Domino Transport Services,62191,Ambulance Services,Yonkers,NY,10705,2011-06-12,2013-06-08,0.0,0,0.0,1,N/A
1695655,,no_match,rejected_not_an_operator,other_line_of_business,Care Transport Service LLC,Care Transport Service LLC,336999,All Other Transportation Equipment Manufacturing,Hialeah,FL,33012,2011-04-10,2013-04-09,83252.33,16,0.0,29,N/A
1696423,,no_match,rejected_not_an_operator,other_line_of_business,Levy County Sheriff Department,Levy County Sheriff Dept.,09640,Local Police Protection,Bronson,FL,32621,2011-08-05,2013-08-03,11134.22,37,0.0,38,N/A
1697236,,no_match,rejected_not_an_operator,other_line_of_business,Endless Compassion LLC,Embracing Life II,09690,Local Group Homes for Mentally and Physically Handicapped,Grand Rapids,MI,49507,2011-12-13,2013-12-12,19275.81,4,0.0,8,N/A
1698176,,no_match,rejected_not_an_operator,other_line_of_business,"Power Arizona, LLC",Quality Transport Services of Arizona,621910,Ambulance Services,Phoenix,AZ,85034,2012-03-20,2014-03-19,237426.19,50,0.0,110,N/A
1701226,,no_match,rejected_not_an_operator,other_line_of_business,Morrison's Market Inc.,Morrison's Market,445110,Supermarkets and Other Grocery (except Convenience) Stores,Barboursville,WV,25504,2011-07-29,2013-07-19,0.0,0,0.0,1,N/A
1706166,,no_match,rejected_not_an_operator,other_line_of_business,"24 On Physicians, PC",In Compass Health Inc./24 On Physicians,621111,Offices of Physicians (except Mental Health Specialists),Alpharetta,GA,30009,2012-08-08,2013-08-07,0.0,0,0.0,0,N/A
1709160,,no_match,rejected_not_an_operator,other_line_of_business,"K & L Transport Service, Inc",K & L Transport Services,485991,Special Needs Transportation,Tarboro,NC,27886,2012-01-03,2013-12-31,15227.0,19,0.0,20,N/A
1710003,,no_match,rejected_not_an_operator,other_line_of_business,Olarte Transport Services,Olarte Transport Services,42386,Transportation Equipment and Supplies (except Motor Vehicle) Merchant Wholesalers,Miami,FL,33166,2011-12-03,2013-12-02,0.0,0,0.0,0,N/A
1714642,,no_match,rejected_not_an_operator,adjacent,"Automatic Chef, Inc.",Automatic Chef Canteen,454390,Other Direct Selling Establishments,Woodway,TX,76712,2012-01-01,2013-12-31,13258.69,5,0.0,6,N/A
1718014,,no_match,rejected_not_an_operator,other_line_of_business,Consolidated Transport Services Inc. Guam,CTSI Logistics Guam,483111,Deep Sea Freight Transportation,Tamuning,GU,96913,2012-03-16,2014-03-15,4936.67,4,0.0,6,N/A
1720612,,no_match,rejected_not_an_operator,other_line_of_business,"Compassionate Care Hospice of New Hampshire,","Compassionate Care Hospice of New Hampshire,",62161,Home Health Care Services,Londonderry,NH,3053,2013-07-28,2014-02-01,0.0,0,0.0,0,N/A
1722289,,no_match,rejected_not_an_operator,food_service,"L and W Restaurant Associates, Inc.",Oasis Restaurant Brewery,722110,Full-Service Restaurants,Littleton,NH,3561,2012-03-16,2014-03-15,317.58,4,0.0,4,N/A
1724583,,no_match,rejected_not_an_operator,other_line_of_business,"Compass Airlines, Inc",Compass Airlines,481111,Scheduled Passenger Air Transportation,Minneapolis,MN,55450,2012-06-10,2014-05-30,0.0,0,0.0,0,N/A
1725348,,no_match,rejected_not_an_operator,other_line_of_business,ITransport Services,ITransport Services Inc,485991,Special Needs Transportation,Miami,FL,33156,2012-05-03,2014-05-02,241698.47,61,0.0,61,N/A
1725380,,no_match,rejected_not_an_operator,other_line_of_business,Morrison Enrichment Center Inc,The Little Academy,624410,Child Day Care Services,Slidell,LA,70461,2012-04-30,2014-04-30,0.0,0,0.0,0,N/A
1726832,,no_match,rejected_not_an_operator,other_line_of_business,"CJ Enterprises & Transport Service, LLC","C.J. Enterprises, Inc.",492110,Couriers and Express Delivery Services,Shreveport,LA,71149,2012-11-14,2014-11-12,52495.87,18,0.0,65,N/A
1726932,,no_match,rejected_not_an_operator,other_line_of_business,"Compass General Construction I, LLC",Compass General Construction,23611,Residential Building Construction,Seattle,WA,98144,2011-11-27,2012-12-15,0.0,0,0.0,0,N/A
1727781,,no_match,rejected_not_an_operator,food_service,"HNV Morrison, LLC",Edmund's Oast,722110,Full-Service Restaurants,Charleston,SC,29403,2014-02-02,2014-07-06,32.74,1,0.0,3,N/A
1733912,,no_match,rejected_not_an_operator,food_service,Legends Fieldhouse Bar & Grill LLC,Legends Fieldhouse Bar & Grill,722110,Full-Service Restaurants,Van Meter,IA,50261,2014-03-14,2014-07-13,48.01,2,0.0,4,N/A
1735889,,no_match,rejected_not_an_operator,other_line_of_business,Morrison Security Corporation Inc.,Morrison Security Corp.,561612,Security Guards and Patrol Services,Orlando,FL,32809,2012-08-14,2014-08-13,123.25,1,0.0,179,R
1736043,,no_match,rejected_not_an_operator,food_service,"Knowles Fine Fooda, LLC",Ezra Caf,72211,Full-Service Restaurants,Bradenton,FL,34209,2014-07-23,2014-09-19,0.0,0,0.0,0,N/A
1737581,,no_match,rejected_not_an_operator,food_service,"Compassy Enterprise, Inc.",Spicy City Chinese Food,7221,Full-Service Restaurants,Irvine,CA,92604,2012-09-22,2014-09-22,26853.96,6,0.0,7,N/A
1738229,,no_match,rejected_not_an_operator,other_line_of_business,Samaan Ventures Inc,J.D. Legends Entertainment,713950,Bowling Centers,Franklin,OH,45005,2012-09-09,2014-09-29,898.98,5,0.0,6,N/A
1738526,,no_match,rejected_not_an_operator,other_line_of_business,"Flik Enterprises, Inc.",Bakery King,31181,Bread and Bakery Product Manufacturing,Las Vegas,NV,89119,2011-10-31,2014-10-30,14287.65,15,0.0,15,N/A
1741192,,no_match,rejected_not_an_operator,other_line_of_business,Spectralloy,Spectralloy,339999,All Other Miscellaneous Manufacturing,Goodville,PA,17528,2012-12-09,2014-12-08,52279.73,7,0.0,8,N/A
1745381,,no_match,rejected_not_an_operator,other_line_of_business,"Flik Enterprises, Inc.",Bakery King,311811,Retail Bakeries,Henderson,NV,89014,2013-04-01,2014-10-30,5471.23,3,0.0,3,N/A
1746626,,no_match,rejected_not_an_operator,other_line_of_business,Compass Point Healthcare,Compass Pointe Healthcare,623312,Homes for the Elderly,Baltimore,MD,21209,2014-05-01,2014-10-01,0.0,0,0.0,0,N/A
1747888,,no_match,rejected_not_an_operator,food_service,"Legends Sports Cafe, LLC","Legends Sports Cafe, LLC",722110,Full-Service Restaurants,Auburn,AL,36832,2014-07-05,2014-11-22,0.0,0,0.0,1,N/A
1748479,,no_match,rejected_not_an_operator,other_line_of_business,Spectra Recycling Inc.,Spectra Recycling,562111,Solid Waste Collection,Maryville,TN,37801,2013-03-10,2015-03-06,1191.1,5,0.0,10,N/A
1749002,,no_match,rejected_not_an_operator,adjacent,"Golden Compass Janitorial, LLC","Golden Compass Janitorial, LLC",56172,Janitorial Services,Norcross,GA,30093,2014-07-15,2015-04-04,13762.09,29,0.0,31,N/A
1749718,,no_match,rejected_not_an_operator,other_line_of_business,"Compass Ent., Inc. dba Benefits of Home, LLC",Benefits of Home,624190,Other Individual and Family Services,Lenexa,KS,66215,2013-06-08,2015-06-05,9195.72,3,561.0,4,R
1750706,,no_match,rejected_not_an_operator,other_line_of_business,,Veterans Canteen Svc at Albany Stratton VA,923140,Administration of Veterans' Affairs,Albany,NY,12208,2013-02-24,2015-02-23,0.0,0,0.0,0,N/A
1752472,,no_match,rejected_not_an_operator,other_line_of_business,"Compass Welding, LLC",Compass Welding,332999,All Other Miscellaneous Fabricated Metal Product Manufacturing,Dushore,PA,18614,2013-03-30,2015-03-29,0.0,0,0.0,3,N/A
1752580,,no_match,rejected_not_an_operator,other_line_of_business,"O.L. Thompson Transport Service, Inc","O.L. Thompson Transport Service, Inc.",484230,"Specialized Freight (except Used Goods) Trucking, Long-Distance",Joliet,IL,60436,2013-03-02,2015-02-27,3898.48,9,0.0,20,N/A
1754727,,no_match,rejected_not_an_operator,other_line_of_business,"Specta Electricla Services, Inc","Spectra Electrical Services, Inc",238210,Electrical Contractors and Other Wiring Installation Contractors,Tempe,AZ,85282,2014-02-21,2015-04-05,0.0,0,0.0,0,N/A
1756241,,no_match,rejected_not_an_operator,other_line_of_business,Durable Contract Services Inc,"DCS Transport Services, LLC",485999,All Other Transit and Ground Passenger Transportation,Milwaukee,WI,53225,2013-04-16,2015-04-04,14730.54,5,0.0,7,N/A
1758063,,no_match,rejected_not_an_operator,other_line_of_business,"Compass Tech International, LTD",Compass Tech International,561311,Employment Placement Agencies,Plain City,OH,43064,2013-08-25,2015-08-16,0.0,0,0.0,3,N/A
1758323,,no_match,rejected_not_an_operator,food_service,"M and M Restaurant Associates, Inc.",Bha! Bha! Persian Cuisine,722110,Full-Service Restaurants,Naples,FL,34102,2015-04-09,2015-04-22,0.0,0,0.0,0,N/A
1759362,,no_match,rejected_not_an_operator,other_line_of_business,Drew Transport Services LLC,Drew Transport Services LLC,484110,"General Freight Trucking, Local",Prince George,VA,23875,2013-05-25,2015-05-23,0.0,0,0.0,34,N/A
1766137,,no_match,rejected_not_an_operator,other_line_of_business,"East Coast, Inc.",East Coast VA Canteen Contract,23622,Commercial and Institutional Building Construction,Upper Darby,PA,19082,2013-08-28,2015-08-27,40770.64,10,0.0,27,N/A
1767273,,no_match,rejected_not_an_operator,other_line_of_business,"Service Solutions/Compass Groups USA, Inc.",SSC  Service Solutions/Compass Service Group,5612,Facilities Support Services,Knoxville,TN,37921,2014-03-01,2015-10-05,0.0,0,0.0,0,N/A
1768995,,no_match,rejected_not_an_operator,adjacent,"A.B. Levy's Auctioneers, Inc.",A.B. Levy's,454390,Other Direct Selling Establishments,Palm Beach,FL,33480,2015-07-20,2015-08-09,3500.08,6,0.0,6,N/A
1769603,,no_match,rejected_not_an_operator,other_line_of_business,"Compassionate Care Partners, Inc.",Comfort Keeper,6216,Home Health Care Services,Sarasota,FL,34232,2013-10-27,2015-10-25,0.0,0,0.0,0,N/A
1771197,,no_match,rejected_not_an_operator,food_service,Legends Music LLC,Legends,722410,Drinking Places (Alcoholic Beverages),Maryland Heights,MO,63043,2015-01-01,2015-10-16,0.0,0,0.0,1,N/A
1771374,,no_match,rejected_not_an_operator,other_line_of_business,"Integrated Health Services at Hanover House,",Compass Pointe - Mountain View Rehabilitation,623110,Nursing Care Facilities,El Paso,TX,79904,2013-10-31,2015-10-28,0.0,0,0.0,1,N/A
1775357,,no_match,rejected_not_an_operator,other_line_of_business,"Mail Transport Services, Inc.","Mail Transport Services, Inc",491110,Postal Service,Greensboro,NC,27409,2015-10-01,2016-02-04,0.0,0,0.0,358,N/A
1776273,,no_match,rejected_not_an_operator,other_line_of_business,Compass Airlines,Compass Airlines,481111,Scheduled Passenger Air Transportation,Minneapolis,MN,55449,2015-04-01,2016-04-01,0.0,0,0.0,0,N/A
1779350,,no_match,rejected_not_an_operator,other_line_of_business,Legends Senior Living,The Windsor of Lakeland Ranch,623990,Other Residential Care Facilities,Bradenton,FL,34202,2013-12-24,2015-12-22,0.0,0,0.0,0,N/A
1779595,,no_match,rejected_not_an_operator,food_service,T & N Restaurant Associates Inc.,Wendy's @ Westfield Massapequa,722211,Limited-Service Restaurants,Massapequa,NY,11758,2013-12-16,2015-12-15,0.0,0,0.0,1,N/A
1780338,,no_match,rejected_not_an_operator,food_service,Back Acher Ranch & Legends Restaurant,Back Acher Ranch & Legends Restaurant,722110,Full-Service Restaurants,Conway,AR,72034,2014-03-01,2016-02-26,2417.37,9,0.0,13,N/A
1781025,,no_match,rejected_not_an_operator,other_line_of_business,"OAK VIEW FARMS, L.L.C",Reicks View Farms,112210,Hog and Pig Farming,Lawler,IA,52154,2013-09-15,2016-06-18,28598.57,169,6300.0,260,N/A
1781183,,no_match,rejected_not_an_operator,other_line_of_business,"Briggs Acquisition, LLC",Compassionate Nursing Services,621610,Home Health Care Services,West Des Moines,IA,50266,2014-05-03,2016-05-02,0.0,0,0.0,1,N/A
1782424,,no_match,rejected_not_an_operator,other_line_of_business,"Davosa Transport Service, Inc.",Davosa Transport Service,484220,"Specialized Freight (except Used Goods) Trucking, Local",Locust Grove,GA,30248,2015-11-01,2016-04-30,0.0,0,0.0,0,N/A
1787276,,no_match,rejected_not_an_operator,other_line_of_business,Levy ARC,"Levy Association for Retarded Citizens, Inc.",6243,Vocational Rehabilitation Services,Otter Creek,FL,32683,2014-03-30,2016-03-29,0.0,0,0.0,1,N/A
1791212,,no_match,rejected_not_an_operator,other_line_of_business,"Compassionate Covenant Adult Day Care, INC",Compassionate Covenant Adult Day Care,621610,Home Health Care Services,Lake Charles,LA,70601,2015-11-12,2016-06-04,32370.69,8,0.0,12,N/A
1793619,,no_match,rejected_not_an_operator,other_line_of_business,"Levy Dermatology, P.C.",Levy Dermatology,621111,Offices of Physicians (except Mental Health Specialists),Memphis,TN,38119,2014-06-20,2016-06-10,0.0,0,0.0,1,N/A
1794550,,no_match,rejected_not_an_operator,other_line_of_business,"Morrison Security Corporation, Inc",Morrison Security Corp,561612,Security Guards and Patrol Services,Orlando,FL,32809,2014-07-17,2016-07-07,0.0,0,0.0,1,N/A
1796645,,no_match,rejected_not_an_operator,food_service,"RJG Restaurant Associates, LLC",Campania Ristorante & Taverna,722110,Full-Service Restaurants,Branford,CT,6405,2014-09-01,2016-08-31,2250.0,1,0.0,2,N/A
1797864,,no_match,rejected_not_an_operator,other_line_of_business,"Fort worth H & H Enterprises, Inc.",Compassionate Health Care,621610,Home Health Care Services,Fort Worth,TX,76116,2014-09-23,2016-09-22,0.0,0,0.0,1,N/A
1802208,,no_match,rejected_not_an_operator,other_line_of_business,Levy County School Board,Levy County School Board,485410,School and Employee Bus Transportation,Bronson,FL,32621,2016-08-01,2016-09-22,0.0,0,0.0,0,N/A
1805860,,no_match,rejected_not_an_operator,food_service,"Meyer Metz Restaurants, LLC",Denny's #8102,722110,Full-Service Restaurants,Kingsland,GA,31548,2014-11-10,2016-11-08,1018.73,23,0.0,37,R
1805986,,no_match,rejected_not_an_operator,food_service,Torchy's Legends,Torchy's Legends,722410,Drinking Places (Alcoholic Beverages),Broken Arrow,OK,74012,2014-12-01,2016-11-30,0.0,0,0.0,0,N/A
1808450,,no_match,rejected_not_an_operator,other_line_of_business,EnCompass Pipeline,EnCompass Pipeline,23712,Oil and Gas Pipeline and Related Structures Construction,Troy,PA,16947,2015-02-05,2017-02-05,39313.82,74,0.0,75,N/A
1809471,,no_match,rejected_not_an_operator,other_line_of_business,"Compassionate Home Care, LLC",Compassionate Home Care Agency,62399,Other Residential Care Facilities,Winchester,VA,22601,2015-01-05,2017-01-03,17970.11,23,0.0,24,N/A
1810573,,no_match,rejected_not_an_operator,food_service,Marg Partners LLC,Morrison Inn,722110,Full-Service Restaurants,Morrison,CO,80465,2015-01-27,2017-01-26,30676.14,21,0.0,22,N/A
1810597,,no_match,rejected_not_an_operator,food_service,"Aviles Restaurant Group, LLC",Chick-fil-A Morrison Road,722211,Limited-Service Restaurants,Brownsville,TX,78520,2014-12-27,2016-12-17,4471.02,45,0.0,54,N/A
1813215,,no_match,rejected_not_an_operator,other_line_of_business,"Tan's Transport Services, LLC","Tan's Transport Services, LLC",4859,Other Transit and Ground Passenger Transportation,Waipahu,HI,96797,2014-05-03,2017-05-02,13543.94,4,1232.0,4,W
1813389,,no_match,rejected_not_an_operator,other_line_of_business,SHAW CONTRACT FLOORING SERVICES INC,SPECTRA CONTRACT FLOORING,238330,Flooring Contractors,Tampa,FL,33605,2015-02-03,2017-02-04,0.0,0,0.0,17,N/A
1814879,,no_match,rejected_not_an_operator,other_line_of_business,"SpectraCom, Inc.",SpectraCom Inc,561621,Security Systems Services (except Locksmiths),Merchantville,NJ,8109,2015-07-27,2017-07-26,162.38,2,0.0,2,N/A
1816262,,no_match,rejected_not_an_operator,other_line_of_business,"Paquito Transport Services, Inc.",Paquito Transport,484220,"Specialized Freight (except Used Goods) Trucking, Local",Sabana Seca,PR,952,2015-03-23,2017-03-19,77423.99,25,0.0,44,N/A
1818723,,no_match,rejected_not_an_operator,other_line_of_business,"Shaw  Contract Flooring Services, Inc.",Spectra Contract Flooring,238330,Flooring Contractors,Seattle,WA,98188,2016-10-21,2017-04-15,41575.93,16,0.0,26,N/A
1819538,,no_match,rejected_not_an_operator,food_service,Etzler's Food and Beverage Inc,Metzler's Food and Beverage,722110,Full-Service Restaurants,Denton,TX,76201,2015-05-05,2017-05-04,0.0,0,0.0,1,N/A
1819722,,no_match,rejected_not_an_operator,other_line_of_business,"Compass Residential & Consulting, LLC",Compass Residential & Consulting,623210,Residential Mental Retardation Facilities,Evansville,IN,47711,2015-07-11,2017-07-10,33852.83,26,0.0,27,N/A
1820840,,no_match,rejected_not_an_operator,other_line_of_business,FC Compassus LLC,Altura Home Care & Rehab,621610,Home Health Care Services,Albuquerque,NM,87107,2016-05-01,2017-06-06,0.0,0,0.0,0,N/A
1821759,,no_match,rejected_not_an_operator,other_line_of_business,"WellCare, Inc.",Encompass Home Health of New Mexico,621610,Home Health Care Services,Albuquerque,NM,87109,2015-05-27,2017-05-25,0.0,0,0.0,1,N/A
1822552,,no_match,rejected_not_an_operator,other_line_of_business,Outwood Hospital and School Canteen Corporati,"Outwood (Managed by Res-Care, Inc.)",6232,"Residential Mental Retardation, Mental Health and Substance Abuse Facilities",Dawson Springs,KY,42408,2015-06-14,2017-06-13,0.0,0,0.0,177,N/A
1823243,,no_match,rejected_not_an_operator,other_line_of_business,"Compassionate Care at Home, Inc.",Compassionate Care at Home,621610,Home Health Care Services,Jackson,MI,49201,2015-05-31,2017-05-30,0.0,0,0.0,1,N/A
1824365,,no_match,rejected_not_an_operator,other_line_of_business,"American Compassionate Care, LLC","American Compassionate Care, LLC",621610,Home Health Care Services,Cincinnati,OH,45252,2015-05-20,2017-05-19,19116.6,27,0.0,28,N/A
1827116,,no_match,rejected_not_an_operator,other_line_of_business,"Motor City Auto Transport Services, LLC",Tyme Auto Transport,488510,Freight Transportation Arrangement,Shelby Township,MI,48315,2015-08-15,2017-08-14,716.85,5,0.0,7,N/A
1829775,,no_match,rejected_not_an_operator,other_line_of_business,"Hearts of Compassion Community Servies, LLC",Hearts of Compassion,621610,Home Health Care Services,Carmel,IN,46032,2015-11-12,2017-08-31,34097.66,25,0.0,25,N/A
1830031,,no_match,rejected_not_an_operator,other_line_of_business,Hands of Compassion Home Care,"Hands of Compassion Home Care, Inc.",621610,Home Health Care Services,Midland,TX,79701,2015-08-10,2017-08-09,2847.19,7,0.0,8,N/A
1831188,,no_match,rejected_not_an_operator,food_service,"Lecos, LLC",Legends Grille,722110,Full-Service Restaurants,Fredericksburg,VA,22407,2016-04-01,2017-11-26,650.0,27,0.0,28,N/A
1832508,,no_match,rejected_not_an_operator,other_line_of_business,COMPASSIONATE HOME PERSONAL CARESERVICES INC,COMPASSIONATE IN HOME PERSONAL CARE SERVICES,62412,Services for the Elderly and Persons with Disabilities,Scranton,PA,18512,2015-10-12,2017-10-11,4629.65,9,0.0,10,N/A
1832845,,no_match,rejected_not_an_operator,other_line_of_business,"Legends Dental Group, PA",Legends Dental Group & Orthodontics,621210,Offices of Dentists,Kansas City,KS,66109,2015-09-01,2017-08-31,0.0,0,0.0,0,N/A
1835506,,no_match,rejected_not_an_operator,other_line_of_business,"Compassionate Home Health Services, Inc",Compassionate Home Health Services,621610,Home Health Care Services,Pontiac,MI,48342,2015-10-18,2017-10-17,0.0,0,0.0,0,N/A
1837028,,no_match,rejected_not_an_operator,other_line_of_business,United Transport Service Inc,United Transport Service Inc,484220,"Specialized Freight (except Used Goods) Trucking, Local",Jessup,MD,20794,2015-12-03,2017-12-02,307748.04,360,0.0,360,N/A
1837407,,no_match,rejected_not_an_operator,other_line_of_business,Spectra Personnel Services LLC,Spectra Personnel,561311,Employment Placement Agencies,Lyndhurst,NJ,7071,2017-06-01,2017-11-06,0.0,0,5863.2,4,N/A
1838821,,no_match,rejected_not_an_operator,other_line_of_business,"Wheelchair Transport Service, Inc.",Wheelchair Transport Service,485991,Special Needs Transportation,Clearwater,FL,33760,2016-05-01,2018-07-05,100670.75,86,0.0,345,N/A
1841315,,no_match,rejected_not_an_operator,other_line_of_business,"Compass Providence Urgent Care, LLC","Compass Providence Urgent Care, LLC",621112,"Offices of Physicians, Mental Health Specialists",Mobile,AL,36619,2016-01-06,2018-01-04,0.0,0,0.0,0,N/A
1842361,,no_match,rejected_not_an_operator,other_line_of_business,Compass Hospice LLC,Compass Hospice LLC,62161,Home Health Care Services,San Antonio,TX,78232,2017-09-25,2017-11-12,0.0,0,0.0,1,N/A
1843783,,no_match,rejected_not_an_operator,other_line_of_business,"CareSouth Hospice, LLC.",Encompass Home Health and Hospice,623110,Nursing Care Facilities,Macon,GA,31210,2016-02-06,2018-02-05,0.0,0,0.0,1,N/A
1845432,,no_match,rejected_not_an_operator,other_line_of_business,Care Transport Services LLC.,Care Transport Services LLC,4859,Other Transit and Ground Passenger Transportation,Hialeah Gardens,FL,33018,2016-02-09,2018-02-07,75108.04,53,0.0,54,N/A
1845620,,no_match,rejected_not_an_operator,other_line_of_business,Spectra Personnel Services Inc,Spectra Personnel Services,561320,Temporary Help Services,Passaic,NJ,7055,2016-10-02,2018-09-23,0.0,0,0.0,1,N/A
1845756,,no_match,rejected_not_an_operator,other_line_of_business,"CJ Enterprizes & Transport Service, LLC",CJ Enterprizes & Transport Services LLC.,492110,Couriers and Express Delivery Services,Shreveport,LA,71109,2016-06-14,2018-06-13,0.0,0,0.0,13,N/A
1847325,,no_match,rejected_not_an_operator,other_line_of_business,Davosa Transport Service Inc,Davosa Transport Service,541614,"Process, Physical Distribution, and Logistics Consulting Services",Locust Grove,GA,30248,2016-06-01,2018-05-31,0.0,0,0.0,11,N/A
1847837,,no_match,rejected_not_an_operator,other_line_of_business,Bret Morriison dba Mor-Farm of New Mexico,Bret Morrison - Mor-Farm of New Mexico - AGER,111421,Nursery and Tree Production,Chamberino,NM,88027,2017-01-04,2018-04-04,9612.03,19,13680.8,23,R
1848399,,no_match,rejected_not_an_operator,other_line_of_business,"Compass Engineering and Consultants, LLC",Compass Engineering and Consultants,541330,Engineering Services,Lafayette,LA,70503,2016-03-30,2018-03-29,85327.12,13,0.0,14,N/A
1849640,,no_match,rejected_not_an_operator,other_line_of_business,"Compass Minerals Ogden, Inc.",Compass Minerals,327999,All Other Miscellaneous Nonmetallic Mineral Product Manufacturing,Ogden,UT,84404,2017-12-22,2018-01-11,0.0,0,0.0,1,N/A
1852225,,no_match,rejected_not_an_operator,other_line_of_business,Legends Construction LLC,Legends Construction LLC,236220,Commercial and Institutional Building Construction,Fort Mitchell,KY,41017,2016-05-17,2018-05-16,0.0,0,0.0,0,N/A
1853695,,no_match,rejected_not_an_operator,other_line_of_business,Spectra Info Systems,Spectra Info Systems Inc.,519190,All Other Information Services,McLean,VA,22102,2017-05-11,2018-05-11,13440.0,1,0.0,1,N/A
1854824,,no_match,rejected_not_an_operator,food_service,"Chef Lalanne, LLC",Canteen Bar & Grille,722110,Full-Service Restaurants,North Platte,NE,69101,2016-06-09,2018-06-08,0.0,0,2616.0,4,N/A
1857201,,no_match,rejected_not_an_operator,other_line_of_business,"Security Transport Services, Inc.",Security Transport Services,485999,All Other Transit and Ground Passenger Transportation,Topeka,KS,66609,2016-09-02,2018-09-01,98263.65,121,0.0,122,N/A
1858024,,no_match,rejected_not_an_operator,other_line_of_business,Bret Morrison - Mor-Farm of New Mexico,Bret Morrison - Mor-Farm of NM - FLC,115115,Farm Labor Contractors and Crew Leaders,Chamberino,NM,88027,2017-01-04,2018-04-04,718.3,9,15635.2,15,N/A
1859719,,no_match,rejected_not_an_operator,other_line_of_business,"CE&G Transport Services, Inc",CE&G Transport Services,492110,Couriers and Express Delivery Services,Marquand,MO,63655,2016-07-25,2018-07-22,15865.14,5,0.0,18,N/A
1862096,,no_match,rejected_not_an_operator,other_line_of_business,Tiffany's Compassionate Care LLC,Tiffany's Compassionate Care,621610,Home Health Care Services,Ann Arbor,MI,48108,2016-09-07,2018-09-06,384.0,2,0.0,3,N/A
1862896,,no_match,rejected_not_an_operator,other_line_of_business,"Compass Residential and Consulting, LLC",Compass Residential and Consulting,621610,Home Health Care Services,Carmel,IN,46032,2016-11-29,2018-11-28,51665.56,10,0.0,11,N/A
1864074,,no_match,rejected_not_an_operator,other_line_of_business,"Compass Health Systems, P.A.",Compass Health Systems,621112,"Offices of Physicians, Mental Health Specialists",Miami,FL,33161,2016-09-28,2018-09-27,33873.62,71,0.0,79,N/A
1865753,,no_match,rejected_not_an_operator,other_line_of_business,CHC Compassionate In Home Personal Care Servi,Compassionate In Home Personal Care Services,621610,Home Health Care Services,Dunmore,PA,18510,2017-10-12,2018-12-04,28.88,1,0.0,1,N/A
1866519,,no_match,rejected_not_an_operator,other_line_of_business,"HealthOne Critical Care Transport Services, I",Medic One Ambulance,621910,Ambulance Services,Marion,IL,62959,2017-01-02,2019-01-01,2843.61,12,0.0,12,N/A
1867819,,no_match,rejected_not_an_operator,other_line_of_business,Durable Transport Services LLC,"Durable Contract Services, Inc.",485999,All Other Transit and Ground Passenger Transportation,Milwaukee,WI,53225,2017-01-06,2019-01-04,852.13,1,0.0,2,R
1868193,,no_match,rejected_not_an_operator,other_line_of_business,Care Transport Services LLC,Care Transport Services LLC,621999,All Other Miscellaneous Ambulatory Health Care Services,Hialeah,FL,33016,2018-02-08,2019-01-24,72184.5,73,0.0,75,R
1869177,,no_match,rejected_not_an_operator,other_line_of_business,"Health Care Initiative of TN, Inc",621610 - Compassionate Care Home Health,621610,Home Health Care Services,Knoxville,TN,37917,2018-02-11,2018-11-20,0.0,0,0.0,53,N/A
1871306,,no_match,rejected_not_an_operator,other_line_of_business,"Spectra Enviromental Group, Inc",Spectra Environmental Group,56221,Waste Treatment and Disposal,Maryville,TN,37801,2017-01-05,2019-01-04,0.0,0,0.0,1,R
1872010,,no_match,rejected_not_an_operator,other_line_of_business,Noth Shore Compassionate Care,North Shore Compassionate Care,6216,Home Health Care Services,Highland Park,IL,60035,2018-01-01,2019-02-23,34167.46,36,0.0,37,N/A
1875307,,no_match,rejected_not_an_operator,other_line_of_business,"Buster SJE, Inc.",Spectra Property Services,236118,Residential Remodelers,Arlington,TX,76010,2017-06-20,2019-06-19,3250.84,1,0.0,1,N/A
1877106,,no_match,rejected_not_an_operator,other_line_of_business,Bret Morrison dba Mor-Farms of New Mexico,Mor-Farm of New Mexico,112910,Apiculture,Chamberino,NM,88027,2019-02-06,2019-02-27,2628.56,6,0.0,6,R
1877164,,no_match,rejected_not_an_operator,other_line_of_business,Veterans Canteen Service,Veterans Canteen Service,923140,Administration of Veterans' Affairs,Albany,NY,12208,2019-01-03,2019-03-15,0.0,0,0.0,1,N/A
1877603,,no_match,rejected_not_an_operator,other_line_of_business,"Prestige Worldwide Legends, LLC",Nissan of Legends,441110,New Car Dealers,Kansas City,KS,66111,2019-02-14,2019-04-07,1186.81,1,0.0,2,N/A
1880187,,no_match,rejected_not_an_operator,adjacent,Smith Vending Corporation,Smith Vending Canteen,454210,Vending Machine Operators,Clarinda,IA,51632,2017-05-01,2019-04-30,46454.22,22,0.0,23,N/A
1880623,,no_match,rejected_not_an_operator,other_line_of_business,Acto De Compassion,"Acto de Compasion, Inc.",623110,Nursing Care Facilities,Dallas,TX,75247,2017-07-26,2019-07-25,21866.45,8,0.0,11,N/A
1880650,,no_match,rejected_not_an_operator,other_line_of_business,The Levy Company,The Levy Company,23611,Residential Building Construction,Northbrook,IL,60062,2017-11-15,2019-05-10,0.0,0,0.0,1,N/A
1880886,,no_match,rejected_not_an_operator,other_line_of_business,"Casey's General Stores, Inc.","Casey's Morrison, IL",447110,Gasoline Stations with Convenience Stores,Morrison,IL,61270,2017-05-23,2019-05-22,0.0,0,0.0,1,N/A
1881686,,no_match,rejected_not_an_operator,other_line_of_business,"Contract Transport Services, Inc.","Contract Transport Services, Inc.",621999,All Other Miscellaneous Ambulatory Health Care Services,Cleveland,OH,44114,2017-05-12,2019-05-11,0.0,0,0.0,2,N/A
1882579,,no_match,rejected_not_an_operator,other_line_of_business,"Compassionate Veterinary Care, P.A.",Veterinary Specialty Hospital of PBG,541940,Veterinary Services,Palm Beach Gardens,FL,33410,2017-05-31,2019-05-30,1488.4,17,0.0,18,N/A
1883430,,no_match,rejected_not_an_operator,other_line_of_business,"Legends Automotive, Inc.",Legends Automotive,81111,Automotive Mechanical and Electrical Repair and Maintenance,Houston,TX,77096,2017-06-15,2019-06-14,0.0,0,0.0,0,N/A
1885409,,no_match,rejected_not_an_operator,other_line_of_business,"Shaw Contract Flooring Services, Inc",Spectra Contract Flooring,238340,Tile and Terrazzo Contractors,Longwood,FL,32750,2017-07-29,2019-07-13,2959.69,6,0.0,7,N/A
1885698,,no_match,rejected_not_an_operator,other_line_of_business,"GraDark Compassion Care, Inc.",Grace Compassion Home Care,621610,Home Health Care Services,Dallas,TX,75243,2017-07-17,2019-07-16,5133.8,14,0.0,15,N/A
1885734,,no_match,rejected_not_an_operator,other_line_of_business,"Camelia Home Health of the Gulf Coast, LLC",Encompass Home Health of the Gulf Coast,621610,Home Health Care Services,Gulfport,MS,39503,2018-05-01,2019-09-24,83.97,2,0.0,2,N/A
1886236,,no_match,rejected_not_an_operator,other_line_of_business,Taylor Morrison Home Corporation,Taylor Morrison,23611,Residential Building Construction,Charlotte,NC,28208,2019-06-02,2019-11-01,0.0,0,0.0,0,N/A
1886493,,no_match,rejected_not_an_operator,other_line_of_business,"Community Compassion Center of Searcy, LLC",Searcy Health & Rehab,623110,Nursing Care Facilities,Searcy,AR,72143,2017-08-28,2019-08-25,6405.17,45,0.0,92,N/A
1888499,,no_match,rejected_not_an_operator,food_service,Meyer Metz Restaurants LLC,Denny's Restaurant ( RREMC ),72211,Full-Service Restaurants,Lake City,FL,32055,2017-12-31,2019-11-07,180.18,1,0.0,2,N/A
1888841,,no_match,rejected_not_an_operator,food_service,Max Food and Beverage LLC,Mississippi Legends Grill,722110,Full-Service Restaurants,Flowood,MS,39232,2017-08-20,2019-08-18,0.0,0,0.0,1,N/A
1889760,,no_match,rejected_not_an_operator,other_line_of_business,Spectra Contract Flooring,"Shaw Contract Flooring Services, Inc.",238330,Flooring Contractors,Norcross,GA,30071,2017-09-17,2019-09-16,851.49,7,0.0,8,N/A
1895685,,no_match,rejected_not_an_operator,other_line_of_business,Care Transport Services LLC,Care Transport Services LLC,485999,All Other Transit and Ground Passenger Transportation,Hialeah,FL,33018,2019-01-24,2019-12-13,15134.86,1,0.0,1,N/A
1898012,,no_match,rejected_not_an_operator,other_line_of_business,Quick Shop II LLC,Quick Shop Morrison,447110,Gasoline Stations with Convenience Stores,Morrison,TN,37357,2017-11-20,2019-11-17,283.05,1,0.0,3,N/A
1898159,,no_match,rejected_not_an_operator,other_line_of_business,Shaw Contract Flooring Inc.,Spectra Contract Flooring,238330,Flooring Contractors,Tempe,AZ,85283,2019-09-02,2019-11-24,0.0,0,0.0,1,N/A
1902878,,no_match,rejected_not_an_operator,food_service,"Advantus Restaurant, Inc.",Bon Appetit Restaurant,722110,Full-Service Restaurants,Dunedin,FL,34698,2018-03-15,2020-03-12,13039.28,1,0.0,2,R
1903690,,no_match,rejected_not_an_operator,other_line_of_business,Central Alabama Transport Services LLC,Central Alabama Transport Services LLC,485991,Special Needs Transportation,Georgiana,AL,36033,2019-09-09,2020-02-18,326.25,1,0.0,2,N/A
1904927,,no_match,rejected_not_an_operator,other_line_of_business,"Chet Morrison Services, LLC.",Morrison Energy,48899,Other Support Activities for Transportation,Houma,LA,70363,2019-05-10,2019-08-02,8247.3,9,0.0,9,N/A
1910577,,no_match,rejected_not_an_operator,other_line_of_business,"The Levy Company, Inc.",The Levy Company,237310,"Highway, Street, and Bridge Construction",Schertz,TX,78154,2020-04-09,2020-05-20,0.0,0,0.0,0,N/A
1914863,,no_match,rejected_not_an_operator,other_line_of_business,"TKMetz, Inc.",Maple 85 Premium Landscape Mulch Center,561730,Landscaping Services,Omaha,NE,68134,2018-06-28,2020-06-27,2287.95,2,0.0,3,N/A
1915627,,no_match,rejected_not_an_operator,other_line_of_business,Kmetz Inc,Kmetz Inc,238990,All Other Specialty Trade Contractors,Old Bridge,NJ,8857,2019-10-28,2020-03-22,9414.6,2,0.0,5,N/A
1921425,,no_match,rejected_not_an_operator,other_line_of_business,"Spectra Tech, Inc.","Spectra Tech, Inc.",541990,"All Other Professional, Scientific, and Technical Services",Los Alamos,NM,87545,2018-09-29,2020-09-28,0.0,0,0.0,1,N/A
1923447,,no_match,rejected_not_an_operator,food_service,,Stir Fresh Asian Canteen,722211,Limited-Service Restaurants,Marysville,OH,43040,2018-11-24,2020-11-23,14840.04,1,0.0,2,N/A
1924100,,no_match,rejected_not_an_operator,other_line_of_business,Spectra Environmental Group Inc.,Spectra USA,56299,All Other Waste Management Services,Maryville,TN,37801,2020-09-01,2020-10-15,1112.5,2,0.0,4,N/A
1924259,,no_match,rejected_not_an_operator,food_service,Cheshire Restaurant Associates,Roxx Tavern,722211,Limited-Service Restaurants,Atlanta,GA,30324,2018-12-02,2020-12-01,1277.34,5,0.0,8,N/A
1928079,,no_match,rejected_not_an_operator,other_line_of_business,"Compass Electrical Solutions, LLC",Compass Electrical Solutions,238210,Electrical Contractors and Other Wiring Installation Contractors,Plano,TX,75074,2019-02-03,2021-01-30,154.89,1,0.0,1,N/A
1934826,,no_match,rejected_not_an_operator,other_line_of_business,Gila Bend Recycling LLC,Dmil Transport Service,562112,Hazardous Waste Collection,Gila Bend,AZ,85337,2019-03-11,2021-03-10,0.0,0,0.0,0,N/A
1938326,,no_match,rejected_not_an_operator,other_line_of_business,"Compassionate Assistance, LLC",Compassionate Assistance,561320,Temporary Help Services,Scottsdale,AZ,85251,2020-12-28,2021-01-23,4587.98,3,0.0,5,N/A
1939545,,no_match,rejected_not_an_operator,food_service,"Stix Legends, Inc.",Stix Restaurant,722110,Full-Service Restaurants,Kansas City,KS,66111,2019-06-23,2021-06-06,225737.39,50,39097.0,107,R
1943046,,no_match,rejected_not_an_operator,food_service,Summit Restaurant Associates LLC,The Summit Grill,72221,Limited-Service Eating Places,Lees Summit,MO,64064,2019-06-16,2021-06-12,0.0,0,691.0,1,N/A
1943284,,no_match,rejected_not_an_operator,other_line_of_business,"Compass USA, Inc.",TouchPoint Support Services,334220,Radio and Television Broadcasting and Wireless Communications Equipment Manufacturing,Birmingham,AL,35205,2019-10-27,2021-08-22,5040.0,1,0.0,2,R
1948295,,no_match,rejected_not_an_operator,other_line_of_business,"Compassionate Love Home Care, Inc",Compassionate Love Home Care,621610,Home Health Care Services,Panama City,FL,32404,2019-12-29,2021-12-12,0.0,0,0.0,8,N/A
1948361,,no_match,rejected_not_an_operator,food_service,"Compass Pact 3, LLC",Rilibertos,722211,Limited-Service Restaurants,Tucson,AZ,85712,2019-11-20,2022-01-04,23792.0,44,4114.0,45,W
1948450,,no_match,rejected_not_an_operator,other_line_of_business,"Absolute Freedom Transport Services, LLC","Absolute Creative Living, LLC",621610,Home Health Care Services,Toledo,OH,43614,2019-09-27,2021-09-26,33793.42,13,0.0,13,N/A
1950430,,no_match,rejected_not_an_operator,other_line_of_business,Family Compass PLLC,Family Compass,621330,Offices of Mental Health Practitioners (except Physicians),Reston,VA,20190,2019-10-13,2021-10-12,10333.44,1,0.0,2,N/A
1952667,,no_match,rejected_not_an_operator,other_line_of_business,"RTA Hospice, LLC",Hospice Compassus,621610,Home Health Care Services,Payson,AZ,85541,2021-01-04,2021-05-02,1961.4,1,0.0,2,N/A
1953694,,no_match,rejected_not_an_operator,other_line_of_business,"Compassion Funeral Service, Inc.",Compassion Funeral Service,812210,Funeral Homes and Funeral Services,McHenry,IL,60050,2021-01-01,2021-11-25,0.0,0,0.0,1,N/A
1958990,,no_match,rejected_not_an_operator,other_line_of_business,"Compass Benefit Advisors, Inc.",Compass Benefits,524114,Direct Health and Medical Insurance Carriers,Omaha,NE,68130,2020-02-28,2022-02-27,3173.08,1,0.0,2,N/A
1959541,,no_match,rejected_not_an_operator,other_line_of_business,The Cresston Company LLC,Compass Languages,541930,Translation and Interpretation Services,Annapolis,MD,21401,2021-09-04,2021-10-09,0.0,0,0.0,0,N/A
1960760,,no_match,rejected_not_an_operator,other_line_of_business,Compassus Holdings LP,Compassus Hospice,621610,Home Health Care Services,San Antonio,TX,78228,2020-04-25,2022-04-24,0.0,0,0.0,0,N/A
1961186,,no_match,rejected_not_an_operator,other_line_of_business,"Compassion In Care Nurse Staffing, LLC","Compassion In Care Nurse Staffing, LLC",623110,Nursing Care Facilities,Huntersville,NC,28078,2021-07-01,2022-03-15,176.7,3,0.0,4,N/A
1962769,,no_match,rejected_not_an_operator,other_line_of_business,The Rehabilitation Institute of St. Louis,Encompass Health Corporation,622110,General Medical and Surgical Hospitals,Saint Louis,MO,63110,2021-08-26,2022-06-03,0.0,0,0.0,0,N/A
1962873,,no_match,rejected_not_an_operator,food_service,"Legends Sports Bar & Grill, LLC",Finley's Irish Pub and Eatery,722110,Full-Service Restaurants,Largo,FL,33771,2020-05-30,2022-05-29,2257.25,15,2202.0,24,N/A
1963553,,no_match,rejected_not_an_operator,food_service,EL Toro Loco Legends LLC,El Toro Loco Mexican Bar & Grill,722211,Limited-Service Restaurants,Kansas City,KS,66111,2020-05-22,2022-05-22,86867.97,59,0.0,59,N/A
1964030,,no_match,rejected_not_an_operator,other_line_of_business,"Schuhmacher & Schuhmacher, Inc.",Legends Landscaping,561730,Landscaping Services,Sparks,NV,89431,2020-04-26,2022-03-17,1111.05,10,0.0,10,N/A
1964358,,no_match,rejected_not_an_operator,other_line_of_business,"Axiom Healthcare Alliance, LLC","Compassionate Healthcare Providers, LLC",623311,Continuing Care Retirement Communities,Wichita,KS,67209,2020-04-26,2022-05-07,33277.0,151,0.0,152,N/A
1965110,,no_match,rejected_not_an_operator,other_line_of_business,"Milwaukee Transport Services, Inc.",Milwaukee County Transport Services,9770,Local Transit Systems,Milwaukee,WI,53205,2020-06-17,2022-06-15,0.0,0,0.0,0,N/A
1966075,,no_match,rejected_not_an_operator,other_line_of_business,Compassionate Homemakers,"Compassionate Homemakers, LLC",621610,Home Health Care Services,Erie,PA,16501,2020-07-20,2022-06-23,4407.74,14,0.0,15,N/A
1967529,,no_match,rejected_not_an_operator,other_line_of_business,Project Compassion Health,Livonia Woods Nursing and Rehabiliation,623110,Nursing Care Facilities,Livonia,MI,48154,2020-06-23,2022-06-22,0.0,0,0.0,0,N/A
1969715,,no_match,rejected_not_an_operator,other_line_of_business,Metzger Rosta LLP,Metzger Rosta,541110,Offices of Lawyers,NOBLESVILLE,IN,46060,2021-01-10,2023-01-10,9950.39,13,0.0,13,N/A
1969749,,no_match,rejected_not_an_operator,other_line_of_business,"Morrison Imperial Investigations, LLC",Morrison Imperial Investigations,561612,Security Guards and Patrol Services,Bridgeview,IL,60455,2020-07-21,2022-07-20,10584.37,25,0.0,26,N/A
1970820,,no_match,rejected_not_an_operator,food_service,"Unidine Corporation | Compass Group USA, Inc.",Unidine,72231,Food Service Contractors,Boston,MA,2118,2020-09-21,2022-09-20,0.0,0,1980.0,1,N/A
1972401,,no_match,rejected_not_an_operator,other_line_of_business,Metro Towing and Transport Services LLC,Metro Towing Springfield,488410,Motor Vehicle Towing,Brookline,MO,65619,2020-10-26,2022-10-23,0.0,0,0.0,2,N/A
1973514,,no_match,rejected_not_an_operator,other_line_of_business,Compass Real Estate,Compass Real Estate,5312,Offices of Real Estate Agents and Brokers,Palo Alto,CA,94304,2021-10-27,2022-10-26,0.0,0,0.0,1,N/A
1974317,,no_match,rejected_not_an_operator,other_line_of_business,Morrison Express Corporation USA,Morrison Express Corporation USA,488510,Freight Transportation Arrangement,El Paso,TX,79907,2020-10-31,2022-10-31,0.0,0,0.0,1,N/A
1975032,,no_match,rejected_not_an_operator,other_line_of_business,,Levy & Son Service,238220,"Plumbing, Heating, and Air-Conditioning Contractors",Dallas,TX,75229,2021-01-21,2023-01-20,0.0,0,0.0,0,N/A
1975318,,no_match,rejected_not_an_operator,other_line_of_business,"Always Compassionate Home Care, Inc.",Always Compassionate Home Care,621610,Home Health Care Services,MELVILLE,NY,11747,2021-01-29,2023-01-27,0.0,0,0.0,1,N/A
1977019,,no_match,rejected_not_an_operator,other_line_of_business,"Compassionate Hearts Home Care Agency, LLC",Compassionate Hearts Home Care Agency,621610,Home Health Care Services,CONNELLSVILLE,PA,15425,2020-03-28,2023-03-25,0.0,0,0.0,23,N/A
1977117,,no_match,rejected_not_an_operator,other_line_of_business,"Compassionate Care Home Health Services, Inc.",Compassionate Care Home Health Services,621610,Home Health Care Services,West Branch,MI,48661,2021-01-31,2023-01-30,0.0,0,0.0,1,N/A
1978020,,no_match,rejected_not_an_operator,other_line_of_business,"Compassion Personal Home Care, LLC",Compassion Personal Home Care,621610,Home Health Care Services,Wausau,WI,54401,2021-03-03,2023-03-03,0.0,0,0.0,1,N/A
1980454,,no_match,rejected_not_an_operator,other_line_of_business,"Assisted Living Well Compassionate Care, LLC",Assisted Living Well & Compassionate Care,623110,Nursing Care Facilities,MILLERSVILLE,MD,21108,2021-10-21,2023-10-20,0.0,0,0.0,0,N/A
1981744,,no_match,rejected_not_an_operator,other_line_of_business,"Compass Medical Provider, LLC","Compass Medical Provider, LLC",524114,Direct Health and Medical Insurance Carriers,HURLBURT FIELD,FL,32544,2021-06-20,2023-06-19,0.0,0,0.0,0,N/A
1982785,,no_match,rejected_not_an_operator,other_line_of_business,"Wheelchair Transport Services, Inc.",Wheelchair Transport Service,485991,Special Needs Transportation,CLEARWATER,FL,33760,2022-09-18,2023-11-02,1664.69,13,0.0,80,N/A
1984790,,no_match,rejected_not_an_operator,other_line_of_business,Compassionate Hearts LLC,Compassionate Hearts LLC,09690,Local Group Homes for Mentally and Physically Handicapped,MILWAUKEE,WI,53209,2021-10-27,2023-10-26,12379.72,8,0.0,9,N/A
1986257,,no_match,rejected_not_an_operator,other_line_of_business,Compassionate Living Home Inc.,Compassionate Living Home,09690,Local Group Homes for Mentally and Physically Handicapped,OAK BROOK,IL,60523,2021-11-21,2023-11-20,17695.82,14,0.0,16,N/A
1986690,,no_match,rejected_not_an_operator,other_line_of_business,"Spectraforce Technologies, Inc.","Spectraforce Technologies, Inc. (FLC)",115115,Farm Labor Contractors and Crew Leaders,BARCELONETA,PR,617,2021-10-01,2023-09-29,0.0,0,0.0,55,N/A
1986775,,no_match,rejected_not_an_operator,other_line_of_business,Morrison Child and Family Services,Morrison Child & Family Services,624190,Other Individual and Family Services,PORTLAND,OR,97220,2021-02-02,2024-01-31,0.0,0,0.0,7,N/A
1987023,,no_match,rejected_not_an_operator,other_line_of_business,Compassionate Caretakers Home Care Agency LLC,Compassionate Caretakers Home Health,621610,Home Health Care Services,PHILADELPHIA,PA,19140,2022-04-01,2024-03-31,0.0,0,0.0,30,N/A
1989403,,no_match,rejected_not_an_operator,food_service,Meyer Metz Restaurants LLC,Denny's,722110,Full-Service Restaurants,LOCUST GROVE,GA,30248,2022-01-13,2024-01-12,0.0,0,0.0,0,N/A
1989500,,no_match,rejected_not_an_operator,other_line_of_business,Jay Transport Service LLC,JTS Group,493110,General Warehousing and Storage,GRAND PRAIRIE,TX,75050,2022-02-06,2024-02-05,0.0,0,0.0,2,N/A
1990173,,no_match,rejected_not_an_operator,other_line_of_business,Jun Car Transport Service LLC,Jun Car Transport Service,488999,All Other Support Activities for Transportation,ORLANDO,FL,32827,2022-04-25,2024-04-24,0.0,0,0.0,5,N/A
1990895,,no_match,rejected_not_an_operator,other_line_of_business,"Compassionate Home Health Care, Inc.",Compassionate Home Health Care,621610,Home Health Care Services,NEW CASTLE,PA,16105,2022-02-19,2024-02-10,13544.89,23,0.0,24,N/A
1992093,,no_match,rejected_not_an_operator,food_service,WIndy City Woodridge LLC,Legends Grill and Bar and Lima Fresca Taco,722211,Limited-Service Restaurants,WOODRIDGE,IL,60517,2022-04-22,2024-04-21,25397.56,5,0.0,6,N/A
1993132,,no_match,rejected_not_an_operator,other_line_of_business,Legends Learning Center at Little Union LLC,Legends Learning Center,62441,Child Day Care Services,SHREVEPORT,LA,71103,2022-07-12,2024-07-12,0.0,0,0.0,0,N/A
1993588,,no_match,rejected_not_an_operator,other_line_of_business,"Compassion Support, LLC",Caring Partners Home Care,624120,Services for the Elderly and Persons with Disabilities,EL PASO,TX,79925,2022-05-11,2024-05-10,0.0,0,0.0,2,N/A
1993716,,no_match,rejected_not_an_operator,other_line_of_business,"Compassionate Home Care Services, LLC",Compassionate Home Care Services LLC,62161,Home Health Care Services,INDIANAPOLIS,IN,46220,2024-03-12,2024-06-01,42492.67,45,0.0,45,N/A
1993788,,no_match,rejected_not_an_operator,other_line_of_business,Skate City Legends Inc.,Skate City Overland Park,713940,Fitness and Recreational Sports Centers,OVERLAND PARK,KS,66212,2023-04-20,2024-05-23,361.44,2,22849.88,9,N/A
1995923,,no_match,rejected_not_an_operator,food_service,Stargate Investments LLC,Legends Roadhouse,722211,Limited-Service Restaurants,WICHITA FALLS,TX,76306,2024-05-01,2024-09-04,0.0,0,0.0,1,N/A
1997479,,no_match,rejected_not_an_operator,other_line_of_business,Compass Home Health and Rehab LLC.,Compass Home Health and Rehab LLC.,621610,Home Health Care Services,WILKES BARRE,PA,18705,2022-12-13,2024-12-12,0.0,0,0.0,1,N/A
1997981,,no_match,rejected_not_an_operator,other_line_of_business,"Little Legends Learning Center, Inc",Little Legends Learning Center,624410,Child Day Care Services,CHAMPAIGN,IL,61822,2022-11-06,2024-11-05,161.2,6,0.0,6,N/A
1998098,,no_match,rejected_not_an_operator,other_line_of_business,"RajendraPKoiralaMD, LLC",Restore Compassionate Behavioral Health,624190,Other Individual and Family Services,YOUNGSTOWN,OH,44512,2022-10-31,2024-10-30,11616.9,6,0.0,6,N/A
1998988,,no_match,rejected_not_an_operator,other_line_of_business,"Compass Abatement Services, LLC",Compass Abatement Services,562910,Remediation Services,HOUSTON,TX,77040,2023-07-09,2023-07-30,0.0,0,0.0,0,N/A
2000956,,no_match,rejected_not_an_operator,other_line_of_business,"Compassionate Care, LLC",Compassionate Care Residence,62331,Community Care Facilities for the Elderly,THOUSAND OAKS,CA,91360,2023-01-30,2025-01-29,0.0,0,0.0,0,N/A
2001776,,no_match,rejected_not_an_operator,food_service,Celine's Canteen Inc.,Fuzzy�s Taco Shop,722211,Limited-Service Restaurants,MESQUITE,TX,75181,2024-07-23,2025-04-15,8157.9,12,0.0,15,N/A
2001847,,no_match,rejected_not_an_operator,other_line_of_business,"PCAH Compassionate Care, LLC",Preferred Care at Home of Greater Huntsville,621610,Home Health Care Services,HUNTSVILLE,AL,35801,2023-07-18,2025-07-17,0.0,0,0.0,0,N/A
2002286,,no_match,rejected_not_an_operator,food_service,TODD & TORK INC,Legends Bar & Grill,722110,Full-Service Restaurants,KINGS PARK,NY,11754,2023-03-11,2025-03-08,0.0,0,0.0,1,N/A
2003149,,no_match,rejected_not_an_operator,food_service,MJ Lucky Dog 1MB LLC,Legends Sports Pub & Grille,722110,Full-Service Restaurants,MYRTLE BEACH,SC,29577,2023-04-09,2025-04-06,686.31,2,0.0,3,N/A
2003657,,no_match,rejected_not_an_operator,other_line_of_business,"Global Compass, Inc.",Global Compass,236220,Commercial and Institutional Building Construction,HARTFORD,CT,6103,2023-05-12,2025-05-11,14658.61,15,0.0,23,N/A
2005958,,no_match,rejected_not_an_operator,food_service,Windy City Taverns LLC,Legends Grill and Bar,722110,Full-Service Restaurants,MOKENA,IL,60448,2022-04-22,2024-04-21,30244.64,5,0.0,6,N/A
5091640,,no_match,rejected_not_an_operator,other_line_of_business,"Compass Health, Inc.",Compass Health Network,621399,Offices of All Other Miscellaneous Health Practitioners,Festus,MO,63028,2024-08-09,2024-08-16,0.0,0,0.0,1,N/A
